seed,condition,operation,layer,head,subset,mean,median,p90,p95,p99,max,fraction_ge_001,fraction_ge_005,locally_small,local_key_max_mean,local_key_max_p95,local_key_max_max,local_value_abs_mean,local_value_abs_p95,local_value_abs_max,local_value_reference_mean,local_value_reference_p95,local_value_reference_max,local_value_relative_mean,local_value_relative_p95,local_value_relative_max,propagated_tv_mean,propagated_tv_p95,propagated_tv_max,dt_h_operator_mean,dt_h_operator_p95,dt_h_operator_max,eigenphase_rms_mean,eigenphase_rms_p95,eigenphase_rms_max,phase_dispersion_mean,phase_dispersion_p95,phase_dispersion_max
11,test_heldout_d4,xor,0,0,all_rows,0.01992029882967472,0.017010217532515526,0.03905005007982254,0.04450809210538864,0.054111700505018234,0.06867260485887527,0.7444957494735718,0.020596591755747795,False,0.015336140144840598,0.036955356597900384,0.060799598693847656,0.01753276282295763,0.04098181575536728,0.062116242945194244,0.44596250620882283,0.8224650979042053,1.0124073028564453,0.037838441204268165,0.07114342972636223,0.17140547931194305,0.019920299715067813,0.04450808558613061,0.06867261976003647,0.17143831365683582,0.2636638879776001,0.3366512060165405,0.06505350271982024,0.09186284244060516,0.11424041539430618,0.006675476165996356,0.015040478110313414,0.020576894283294678
11,test_heldout_d4,xor,0,0,cls_query,0.020765461027622223,0.01977623999118805,0.030991246923804283,0.03410614654421806,0.038359515368938446,0.04247516021132469,0.94140625,0.0,False,0.018288300092535792,0.030929967761039734,0.0424351692199707,0.01943530991911757,0.029428694956004618,0.03738541156053543,0.7807295041275211,0.9887043058872222,1.0124073028564453,0.024891044367450377,0.03828312363475561,0.04753464087843895,0.020765462135841517,0.03410618510097265,0.04247516766190529,0.17143831365683582,0.2624777168035507,0.3366512060165405,0.06505350271982024,0.09183847680687904,0.11424041539430618,0.005146987969055772,0.010677576065063477,0.017404675483703613
11,test_heldout_d4,xor,0,1,all_rows,0.03434900939464569,0.028242383152246475,0.06857304275035858,0.07988235354423523,0.10020778328180313,0.14090533554553986,0.9282670617103577,0.21448864042758942,False,0.023378523196242895,0.05066003054380417,0.11707267165184021,0.02283388599764955,0.046974380314350125,0.13281695544719696,0.5111730699480342,0.5724459081888199,0.8892117142677307,0.04713841095256364,0.10801188126206397,0.24290867149829865,0.03434900666868337,0.0798823945224285,0.14090532064437866,0.3739438810152933,0.4541763365268707,0.5283753871917725,0.1252872264594771,0.14836429059505463,0.17239132523536682,0.14701061225919562,0.26694328486919405,0.3695656657218933
11,test_heldout_d4,xor,0,1,cls_query,0.022733643651008606,0.01978612318634987,0.0346158966422081,0.0362168587744236,0.04565849155187607,0.05084742233157158,1.0,0.001953125,False,0.016856534268299583,0.02664942741394043,0.04177361726760864,0.016824980530145695,0.022101059090346098,0.030911894515156746,0.5352726045530289,0.5537444859743118,0.5583905577659607,0.031540066422167,0.04265712164342403,0.060905732214450836,0.022733629404683597,0.036216873861849304,0.05084745213389397,0.3739438810152933,0.45409846156835554,0.5283753871917725,0.1252872264594771,0.14817765951156617,0.17239132523536682,0.1396482939599082,0.19813523590564727,0.24836933612823486
11,test_heldout_d4,xor,1,0,all_rows,0.014728677459061146,0.014368269592523575,0.024144604802131653,0.02654995769262314,0.032932136207818985,0.04507571458816528,0.6985085010528564,0.0,False,0.011056911975009081,0.023131489753723145,0.03579678386449814,0.011964236339405365,0.026035650819540023,0.052214913070201874,0.5008182253619783,0.8403119504451751,0.9090492129325867,0.0235050536323084,0.042443569935858246,0.08012895286083221,0.023678091995944586,0.048341090418398375,0.10352017730474472,0.2467536896292586,0.30992069840431213,0.3724597692489624,0.09530084958532825,0.11492312699556351,0.12669816613197327,0.0004941915288906206,0.0015171647071838378,0.0019908547401428223
11,test_heldout_d4,xor,1,0,cls_query,0.0199663657695055,0.020173966884613037,0.02297513373196125,0.02369891293346882,0.025006135925650597,0.038475941866636276,0.99609375,0.0,False,0.0198911870320444,0.023655813932418824,0.026563644409179688,0.02073427926734439,0.026888115890324114,0.0503913015127182,0.8299312591552734,0.8597701787948608,0.8763990998268127,0.025035610087797977,0.03262675255537033,0.07766261696815491,0.020079102641830104,0.023698599729686975,0.0817050039768219,0.2467536896292586,0.309111051261425,0.3724597692489624,0.09530084958532825,0.11478212513029575,0.12669816613197327,9.173760190606117e-06,4.12076711654663e-05,0.0003998279571533203
11,test_heldout_d4,xor,1,1,all_rows,0.027896661311388016,0.02536812052130699,0.044643789529800415,0.052094485610723495,0.07178891450166702,0.10752332210540771,0.9760298132896423,0.06001420319080353,False,0.017108101304529555,0.03571410533040762,0.09874194860458374,0.029810073805906126,0.06743543222546576,0.20205795764923096,0.8331044826720079,1.650220113992691,1.6866235733032227,0.047777162097624816,0.13483767509460434,0.7407479286193848,0.03479813329216664,0.06950542740523813,0.15837165713310242,0.21291649399790913,0.288623571395874,0.3825474679470062,0.081680963463441,0.09955410659313202,0.1204216480255127,0.04326808691786772,0.11878966689109802,0.16708457469940186
11,test_heldout_d4,xor,1,1,cls_query,0.018638772889971733,0.017246181145310402,0.025939220562577248,0.031002376228570938,0.0438915491104126,0.05786505341529846,0.9921875,0.005859375,False,0.017410592636224465,0.026545307040214537,0.05786508321762085,0.0318103635127045,0.04965905994176864,0.1201147511601448,1.5845587758813053,1.668895524740219,1.6866235733032227,0.02050261774820683,0.032938333600759505,0.0856185257434845,0.019937618570111226,0.03420864753425121,0.07992666214704514,0.21291649399790913,0.28818612098693847,0.3825474679470062,0.081680963463441,0.09952857717871666,0.1204216480255127,0.013008488342165947,0.06210861206054685,0.12397485971450806
11,test_heldout_d4,copy,0,0,all_rows,0.027867229655385017,0.02599126473069191,0.04955807328224182,0.055597350001335144,0.0650038942694664,0.08992308378219604,0.8840553760528564,0.09446022659540176,False,0.020327142823837428,0.04407341927289962,0.07607191801071167,0.023886204553651747,0.05165018271654844,0.07845871150493622,0.48304538044612855,0.8348930358886718,1.0152195692062378,0.04773754574011946,0.08703511655330658,0.15638931095600128,0.02786722867556984,0.05559735875576734,0.08992307633161545,0.20368460271856748,0.29337072372436523,0.3772868812084198,0.07489552087281481,0.10161436349153519,0.12787628173828125,0.00724721441722729,0.015134593844413756,0.020340561866760254
11,test_heldout_d4,copy,0,0,cls_query,0.028638487681746483,0.028700025752186775,0.03976842761039734,0.04271509498357773,0.04938746616244316,0.054819583892822266,0.974609375,0.0078125,False,0.024205949766837875,0.036932578682899474,0.045653462409973145,0.026998169939361105,0.03913320247083902,0.04795170947909355,0.7714689903077669,0.9874529719352722,1.0152195692062378,0.035184302524612576,0.05187380332499743,0.06818247586488724,0.02863848964625504,0.04271506741642952,0.05481964349746704,0.20368460271856748,0.29316027611494067,0.3772868812084198,0.07489552087281481,0.10149909183382988,0.12787628173828125,0.0054636282147839665,0.011684063076972959,0.016292870044708252
11,test_heldout_d4,copy,0,1,all_rows,0.039499178528785706,0.033417824655771255,0.0723179504275322,0.08698302507400513,0.11109659820795059,0.15460127592086792,0.9733664989471436,0.26828834414482117,False,0.020417106525780004,0.04740273747593164,0.1156454086303711,0.024253057260735164,0.05320303197950124,0.1327534168958664,0.680717411916703,0.9917414277791977,1.1516870260238647,0.03926628224729194,0.09315501637756822,0.22479698061943054,0.0394991779194656,0.08698302358388899,0.15460124611854553,0.3837508069409523,0.47462233901023865,0.5202982425689697,0.12293807962851133,0.1491246372461319,0.16355207562446594,0.17696875946553933,0.28241159617900846,0.37686771154403687
11,test_heldout_d4,copy,0,1,cls_query,0.044216811656951904,0.04344692826271057,0.060674138367176056,0.06685749441385269,0.07794388383626938,0.08438866585493088,1.0,0.328125,False,0.022052448184695095,0.03760961443185806,0.060604631900787354,0.023837186679884326,0.03916749600321053,0.06285271793603897,0.6940592549508438,0.932405897974968,1.0256446599960327,0.03686071128686308,0.07002397328615187,0.1142793521285057,0.04421681452731718,0.06685749106109143,0.08438868075609207,0.3837508069409523,0.473401828110218,0.5202982425689697,0.12293807962851133,0.14895107001066207,0.16355207562446594,0.21453829458914697,0.3054970234632492,0.34610646963119507
11,test_heldout_d4,copy,1,0,all_rows,0.027439145371317863,0.02760186791419983,0.04815934598445892,0.053468696773052216,0.0616045743227005,0.07575536519289017,0.8176491260528564,0.07901278138160706,False,0.021919465549900832,0.044121376797556865,0.061690278351306915,0.01684012800665161,0.036798239126801476,0.06435622274875641,0.6466631652173501,1.168581908941269,1.9709656238555908,0.02972624343152833,0.06762990280985832,0.12110413610935211,0.03358596063256672,0.06050580218434332,0.45835039019584656,0.29845427031978033,0.3853611946105957,0.44051408767700195,0.11043836692988407,0.1334337741136551,0.14154230058193207,0.00044359356715259224,0.0015163928270339963,0.002020537853240967
11,test_heldout_d4,copy,1,0,cls_query,0.006841456051915884,0.0052924612537026405,0.012408928945660591,0.017548149451613426,0.04002499207854271,0.05712689086794853,0.185546875,0.00390625,True,0.006387965654781169,0.014904773235321042,0.056622862815856934,0.0062426293212496375,0.01677561979740858,0.056818366050720215,1.0228463870007545,1.7689076483249664,1.9709656238555908,0.006841008429745443,0.014499315340071916,0.07751505076885223,0.02185401488975458,0.09826210997998713,0.45835039019584656,0.29845427031978033,0.38457418382167813,0.44051408767700195,0.11043836692988407,0.13308732807636262,0.14154230058193207,0.00036138715222477913,0.0011197328567504883,0.001602470874786377
11,test_heldout_d4,copy,1,1,all_rows,0.04146048054099083,0.03925257548689842,0.06882891058921814,0.08075165003538132,0.10247281938791275,0.14946462213993073,0.9499289989471436,0.29794034361839294,False,0.028042136783276626,0.05662524681538343,0.11897820234298706,0.030448170900213387,0.07054441533982753,0.17383985221385956,0.9150529354387387,1.2149353981018067,1.4850897789001465,0.03701912256262445,0.10948527753353116,0.30088260769844055,0.04734649311237924,0.09201642498373985,0.16473422944545746,0.3154956349317217,0.4385266900062561,0.5341698527336121,0.10138492688565748,0.13410159945487976,0.16261358559131622,0.05373002532657913,0.13472896814346313,0.16649764776229858
11,test_heldout_d4,copy,1,1,cls_query,0.015970561653375626,0.011658141389489174,0.03516840562224388,0.04362127184867859,0.058498479425907135,0.08292221277952194,0.5625,0.01953125,False,0.011746029008349979,0.03432542085647583,0.05073821544647217,0.011860045870662361,0.03672391902655363,0.05293786898255348,0.8617117223911919,1.2881492972373962,1.4850897789001465,0.015446795018647208,0.056343444623053074,0.07713042944669724,0.029032336358113753,0.07960922643542287,0.1335127204656601,0.3154956349317217,0.4372002586722374,0.5341698527336121,0.10138492688565748,0.1340341493487358,0.16261358559131622,0.0644256817176938,0.11673956513404846,0.14889919757843018
11,test_heldout_d8,xor,0,0,all_rows,0.02350764162838459,0.021297531202435493,0.043029628694057465,0.047837212681770325,0.0578240267932415,0.07644985616207123,0.8235676884651184,0.03476562350988388,False,0.016080204115466283,0.03747299313545224,0.06359249353408813,0.02010303118349081,0.043739217706024645,0.06980523467063904,0.4668710132614554,0.8300986796617507,1.1376324892044067,0.040790358980264806,0.07090533077716826,0.19703738391399384,0.023507641298298645,0.04783720057457685,0.07644982635974884,0.1975995541724842,0.27372223138809204,0.3500918447971344,0.06309933892771369,0.08205410093069077,0.10291262716054916,0.007795739391197761,0.017083477973937986,0.024206042289733887
11,test_heldout_d8,xor,0,0,cls_query,0.02453068643808365,0.024052694439888,0.03435799852013588,0.03710382059216499,0.044201821088790894,0.051951244473457336,0.994140625,0.001953125,False,0.020397525014232087,0.032706087827682494,0.04242110252380371,0.02187881587042284,0.03158729467540979,0.04324321821331978,0.8374779391451739,1.0678023874759675,1.1376324892044067,0.026538921193605347,0.040314939245581626,0.0533841997385025,0.02453068966860883,0.03710381984710693,0.05195118486881256,0.1975995541724842,0.27366225570440295,0.3500918447971344,0.06309933892771369,0.08198966681957245,0.10291262716054916,0.0066795655293390155,0.01173618137836456,0.02030271291732788
11,test_heldout_d8,xor,0,1,all_rows,0.041861072182655334,0.03564055636525154,0.0792636126279831,0.08858257532119751,0.1054195836186409,0.13837945461273193,0.9776041507720947,0.3270833194255829,False,0.024857707852606836,0.05265290737152097,0.10904540121555328,0.023722110144823696,0.048728276975452886,0.12176084518432617,0.4750074337585829,0.5621608644723892,0.9479899406433105,0.05384374200909103,0.12381290420889847,0.26680317521095276,0.041861075065511004,0.08858256749808782,0.13837943971157074,0.38320762116927654,0.45590516924858093,0.5260400176048279,0.11051338915422093,0.12791913747787476,0.14213480055332184,0.20291028903642047,0.3470398187637328,0.43277132511138916
11,test_heldout_d8,xor,0,1,cls_query,0.031510721892118454,0.03143792971968651,0.04429025575518608,0.04734119400382042,0.05363520607352257,0.059774529188871384,1.0,0.029296875,False,0.019244039336626884,0.03552196323871613,0.05265134572982788,0.019533067987140385,0.0319037064909935,0.043253831565380096,0.49694993178127334,0.5367660135030746,0.5507646799087524,0.04008128993518767,0.06917242780327795,0.10253249853849411,0.031510706579865655,0.04734116345643997,0.0597744844853878,0.38320762116927654,0.45582255721092224,0.5260400176048279,0.11051338915422093,0.1278059147298336,0.14213480055332184,0.21412161167245358,0.2777651011943817,0.31435394287109375
11,test_heldout_d8,xor,1,0,all_rows,0.01405258011072874,0.014503402635455132,0.02200370654463768,0.02456483617424965,0.03003467246890068,0.03931742534041405,0.6959635615348816,0.0,False,0.010018723170651356,0.02002633810043335,0.029746416956186295,0.011312710196432364,0.024239962641149755,0.03967572748661041,0.5007300717717347,0.8596300363540649,0.9023535847663879,0.022160603256202192,0.037680663913488385,0.07442200928926468,0.024661666967525284,0.05571758225560187,0.14976343512535095,0.2466249122226145,0.3025929927825928,0.34872281551361084,0.0816974809349631,0.0949002131819725,0.10164161771535873,0.0006041967154790958,0.001897394657135009,0.0023539066314697266
11,test_heldout_d8,xor,1,0,cls_query,0.01676667481660843,0.016867347061634064,0.018843382596969604,0.019592998549342155,0.02111634612083435,0.022066159173846245,0.99609375,0.0,False,0.016750348964706063,0.01957146227359772,0.02206629514694214,0.018556050255938317,0.02419343711808324,0.02759026549756527,0.8556520392885432,0.885258287191391,0.9023535847663879,0.021710989200073527,0.027898508217185737,0.033251192420721054,0.0168088640912174,0.019638851471245288,0.025770556181669235,0.2466249122226145,0.3022909179329872,0.34872281551361084,0.0816974809349631,0.09488656744360924,0.10164161771535873,5.503417924046516e-06,1.7753243446350075e-05,0.00039565563201904297
11,test_heldout_d8,xor,1,1,all_rows,0.030952688306570053,0.025806564837694168,0.05557136610150337,0.06800438463687897,0.09102724492549896,0.1232897937297821,0.983203113079071,0.13580729067325592,False,0.018675829716509423,0.04999921917915339,0.11135369539260864,0.034992908170609856,0.1000560764223337,0.21354587376117706,0.8307693767516563,1.6774859249591827,1.7062934637069702,0.06625969879252504,0.2567658707499501,0.7363730669021606,0.03623451764966982,0.0805780444294214,0.1576072722673416,0.2389392941549886,0.3356937766075134,0.41563647985458374,0.07655217174760764,0.09658031165599823,0.115944042801857,0.04874985048081726,0.15491505861282348,0.19713211059570312
11,test_heldout_d8,xor,1,1,cls_query,0.017657268792390823,0.01694967783987522,0.023471854627132416,0.025802845135331154,0.03178047761321068,0.03869803249835968,0.98828125,0.0,False,0.01716775527165737,0.025201225280761717,0.035509586334228516,0.03272322053635435,0.04908028990030289,0.06353404372930527,1.6539028552360833,1.6921184003353118,1.7062934637069702,0.019843627790578466,0.029405540507286783,0.07234922051429749,0.018350028949498665,0.02666209554299712,0.04991225525736809,0.2389392941549886,0.33553597778081895,0.41563647985458374,0.07655217174760764,0.09621204882860183,0.115944042801857,0.007229178445413709,0.022573310136795036,0.1232256293296814
11,test_heldout_d8,copy,0,0,all_rows,0.02990618534386158,0.02833862230181694,0.05152275040745735,0.057136647403240204,0.06669142097234726,0.07946957647800446,0.9136718511581421,0.11666666716337204,False,0.01961246366724178,0.042454881966114036,0.06694447994232178,0.02515468997479123,0.052184933610260456,0.07358498871326447,0.4924223087010129,0.8488995820283889,1.1328181028366089,0.04881919883415928,0.08406992144882676,0.17178410291671753,0.029906187042706735,0.057136657088994965,0.07946959137916565,0.22719193607917987,0.310151070356369,0.35706424713134766,0.07080671621952206,0.09146934747695923,0.1034655049443245,0.00798911324236542,0.016572248935699453,0.023370981216430664
11,test_heldout_d8,copy,0,0,cls_query,0.03056951053440571,0.03020542860031128,0.04147174209356308,0.04415684565901756,0.049166008830070496,0.05862659588456154,0.9921875,0.009765625,False,0.02464959896315122,0.0374938815832138,0.04665935039520264,0.027955965547789674,0.0389289241284132,0.046330347657203674,0.8345758934156038,1.0625805974006652,1.1328181028366089,0.03408786848467571,0.050440299324691296,0.06294377148151398,0.03056951198141178,0.04415681567043066,0.058626506477594376,0.22719193607917987,0.31003626585006716,0.35706424713134766,0.07080671621952206,0.09128449074923992,0.1034655049443245,0.006773592089302838,0.01149238646030426,0.01857292652130127
11,test_heldout_d8,copy,0,1,all_rows,0.04856989532709122,0.04518439993262291,0.08056367188692093,0.0906345397233963,0.10646214336156845,0.1600426882505417,0.9942708611488342,0.42578125,False,0.019705343170911268,0.04037341196089983,0.1056460440158844,0.02456773793028333,0.04807420950382948,0.12164013832807541,0.5774298712960444,0.8149504721164698,1.055920124053955,0.045631194060676235,0.09618858285248277,0.21104972064495087,0.04856989535322403,0.09063453041017056,0.1600426733493805,0.38552521023666486,0.45732277631759644,0.5070876479148865,0.10736204551358242,0.12550349533557892,0.13655415177345276,0.18910119882784784,0.304701793193817,0.43091368675231934
11,test_heldout_d8,copy,0,1,cls_query,0.050234679132699966,0.049389079213142395,0.06668359786272049,0.07217679917812347,0.08651100099086761,0.09420198202133179,1.0,0.4765625,False,0.02073333164844371,0.03770004361867905,0.05337360501289368,0.02374717928159953,0.03651919793337583,0.06063837558031082,0.5483576725819148,0.7101925820112228,0.8183857202529907,0.044925799023985746,0.07873867750167847,0.12538014352321625,0.05023468120270991,0.07217682003974915,0.0942019671201706,0.38552521023666486,0.4572361156344414,0.5070876479148865,0.10736204551358242,0.12532019168138503,0.13655415177345276,0.20000525983050466,0.2888474017381668,0.33752238750457764
11,test_heldout_d8,copy,1,0,all_rows,0.02758023701608181,0.028707444667816162,0.0483403243124485,0.052283816039562225,0.058821048587560654,0.06870003789663315,0.8048177361488342,0.07734374701976776,False,0.02103379816317291,0.040797794796526426,0.054079797118902206,0.016574795302308112,0.03345217276364564,0.059252988547086716,0.6063651083231283,1.0983932256698588,1.9230691194534302,0.03089062980907992,0.06498219557106494,0.11009470373392105,0.03498129055641736,0.058372303284704684,0.3223930597305298,0.32542850406025536,0.4115656614303589,0.45442456007003784,0.09999813041940797,0.11626559495925903,0.12673427164554596,0.0005348628619685769,0.0017266601324081416,0.0023116469383239746
11,test_heldout_d8,copy,1,0,cls_query,0.005656261928379536,0.004138433374464512,0.01064099557697773,0.013698092661798,0.034084469079971313,0.04552445933222771,0.119140625,0.0,True,0.004935672239554378,0.01205604076385498,0.042816996574401855,0.004931417560428031,0.012858977587893604,0.03542540594935417,0.9727486843476072,1.5828038334846497,1.9230691194534302,0.005669021647676686,0.014654501341283318,0.0613352432847023,0.02662079373760662,0.10605510212481019,0.3223930597305298,0.32542850406025536,0.41062158942222593,0.45442456007003784,0.09999813041940797,0.11625292040407657,0.12673427164554596,0.00048401555977761745,0.0012145161628723145,0.00164031982421875
11,test_heldout_d8,copy,1,1,all_rows,0.054900240153074265,0.05063636600971222,0.09214469790458679,0.10776946693658829,0.14117223024368286,0.19395844638347626,0.9720051884651184,0.5101562738418579,False,0.028443843293810764,0.05944856852293013,0.1351374387741089,0.035357708207675385,0.07906423620879648,0.16404111683368683,0.8138732266418326,1.0683290779590606,1.3659603595733643,0.04620890018240971,0.11767213791608798,0.2830002009868622,0.06074469185981191,0.12370264604687689,0.25671014189720154,0.38784626687993295,0.5415621399879456,0.6139020323753357,0.10518767344910884,0.14200812578201294,0.159703329205513,0.06117716777759294,0.1540611565113067,0.1916373372077942
11,test_heldout_d8,copy,1,1,cls_query,0.020233800634741783,0.01379350759088993,0.045947737991809845,0.05806606635451317,0.08205350488424301,0.09832624346017838,0.63671875,0.078125,False,0.01258082111303338,0.03640234917402267,0.06482845544815063,0.012863721976600573,0.0395368080586195,0.0774877518415451,0.8021620865911245,1.089617919921875,1.3659603595733643,0.017056627434158145,0.05947293173521756,0.10650379955768585,0.03733473679221788,0.09454450868070126,0.25671014189720154,0.38784626687993295,0.5405772864818573,0.6139020323753357,0.10518767344910884,0.14188119173049926,0.159703329205513,0.07804402685724199,0.13338125348091126,0.1605156660079956
11,test_seen_d4,xor,0,0,all_rows,0.020113734528422356,0.017199501395225525,0.039233192801475525,0.04494465887546539,0.05441564694046974,0.07470542192459106,0.7583451867103577,0.0234375,False,0.01534679564743287,0.037398305535316465,0.06171303987503052,0.017753689823280183,0.040900105983018874,0.06871453672647476,0.44275312233896164,0.8201861500740051,1.015286922454834,0.038615442560946824,0.0710884053260088,0.1269739866256714,0.020113734065820277,0.044944639503955844,0.07470541447401047,0.17287008814309957,0.265657901763916,0.33743277192115784,0.06560211883697775,0.0905827060341835,0.11353180557489395,0.006655409667556259,0.015273138880729674,0.020331144332885742
11,test_seen_d4,xor,0,0,cls_query,0.021266691386699677,0.02054697275161743,0.03174206614494324,0.034653440117836,0.041285596787929535,0.04491965472698212,0.931640625,0.0,False,0.018479561815183843,0.031527334451675416,0.044297873973846436,0.01964701809856706,0.030318481288850306,0.041632991284132004,0.7769860139815137,0.9991216391324997,1.015286922454834,0.025542962331201124,0.04055457059293985,0.05689654126763344,0.021266695748636266,0.03465339839458466,0.04491962864995003,0.17287008814309957,0.2645855516195297,0.33743277192115784,0.06560211883697775,0.09052261970937252,0.11353180557489395,0.0051122799050062895,0.009521269798278807,0.016970515251159668
11,test_seen_d4,xor,0,1,all_rows,0.03484702482819557,0.028515364974737167,0.0694551020860672,0.08111833781003952,0.1010252833366394,0.13317589461803436,0.9328835010528564,0.21821732819080353,False,0.02381027888114576,0.05105424448847771,0.1043400764465332,0.02289314592338666,0.047468459233641624,0.11582484841346741,0.5089778842362152,0.5715221285820007,0.8905923962593079,0.04786986664852189,0.11097586899995802,0.24505794048309326,0.034847026091359694,0.08111834600567815,0.13317586481571198,0.37481291353469715,0.4629034996032715,0.5204343795776367,0.12538823124486953,0.15019181370735168,0.1653740108013153,0.1479577681219036,0.2590189427137375,0.372633159160614
11,test_seen_d4,xor,0,1,cls_query,0.023466862738132477,0.020052101463079453,0.03566000238060951,0.03783772513270378,0.04317528009414673,0.048011720180511475,1.0,0.0,False,0.017336656874249456,0.028553292155265805,0.04216170310974121,0.01697933327704959,0.02298863185569644,0.02998999133706093,0.5333132121013477,0.5548499405384064,0.5596327185630798,0.0319201828315272,0.04367516357451677,0.05988766625523567,0.02346684550138889,0.037837697006762025,0.0480116531252861,0.37481291353469715,0.46174607872962947,0.5204343795776367,0.12538823124486953,0.1501346491277218,0.1653740108013153,0.14370708377100527,0.19937989711761475,0.23097926378250122
11,test_seen_d4,xor,1,0,all_rows,0.014773515053093433,0.014758842065930367,0.02390427701175213,0.026185447350144386,0.030784660950303078,0.0400826521217823,0.6985085010528564,0.0,False,0.0110943380347883,0.02292065918445587,0.028428778052330017,0.01201672242848934,0.026127988565713165,0.04498688876628876,0.5016725784331687,0.8381580471992492,0.9472575783729553,0.023473973970484705,0.04119470212608575,0.06365187466144562,0.023465128447820793,0.04821481406688689,0.11759549379348755,0.24633269329206087,0.2968117296695709,0.3758971095085144,0.09554709968506359,0.11244092136621475,0.13194367289543152,0.000493089721368795,0.001470932364463806,0.0019467473030090332
11,test_seen_d4,xor,1,0,cls_query,0.020229604095220566,0.020312704145908356,0.022988080978393555,0.023692822083830833,0.02509344182908535,0.02612447366118431,0.998046875,0.0,False,0.02021547546610236,0.023681047558784484,0.025997400283813477,0.02120547989215993,0.026593496650457384,0.030321534723043442,0.831109655322507,0.8593005031347275,0.8783785700798035,0.025522897392875166,0.03197012729942798,0.038055747747421265,0.020251730109521304,0.02372345859184861,0.026635775342583656,0.24633269329206087,0.29635465890169144,0.3758971095085144,0.09554709968506359,0.1124234564602375,0.13194367289543152,5.129259079694748e-06,2.3266673088073715e-05,0.0003380775451660156
11,test_seen_d4,xor,1,1,all_rows,0.027139924466609955,0.02465875819325447,0.043525028973817825,0.05133852735161781,0.06931634247303009,0.096549391746521,0.970703125,0.05699573829770088,False,0.016595127639117312,0.034511198103427884,0.09502655267715454,0.028868101288604852,0.06768601946532725,0.18063364923000336,0.8156298445564144,1.6471844017505646,1.6828854084014893,0.04647901773548504,0.13395464420318595,0.6961016058921814,0.034725841622275766,0.07151328362524509,0.18572759628295898,0.2071762950217817,0.274488627910614,0.3693772554397583,0.0799431994673796,0.0948011502623558,0.11970864236354828,0.04391863323028453,0.12398949861526483,0.1703500747680664
11,test_seen_d4,xor,1,1,cls_query,0.017681026831269264,0.017027759924530983,0.02337658405303955,0.025911564007401466,0.03930753096938133,0.0457327738404274,0.98046875,0.0,False,0.01701482133648824,0.02481428682804107,0.04181778430938721,0.03131413414939743,0.04646414406597614,0.07964607328176498,1.60610038501909,1.6690265655517578,1.6828854084014893,0.019788302004599245,0.030264264531433584,0.09162861853837967,0.018890719295086456,0.030063285958021876,0.1334739476442337,0.2071762950217817,0.27391544133424756,0.3693772554397583,0.0799431994673796,0.09479910545051098,0.11970864236354828,0.01054286619182676,0.04726494550704952,0.1332891583442688
11,test_seen_d4,copy,0,0,all_rows,0.02788364328444004,0.02580278366804123,0.049455780535936356,0.055089566856622696,0.06580104678869247,0.0812210738658905,0.8861860632896423,0.09268465638160706,False,0.02029447695911751,0.04461409002542495,0.06778144836425781,0.02389108824696574,0.0523025406524539,0.0767449289560318,0.4862879451724108,0.8518102020025252,1.0151933431625366,0.04758511243047989,0.08675431534647941,0.18116480112075806,0.02788364325045801,0.05508955009281635,0.0812210887670517,0.20545184495131252,0.3046579658985138,0.36889469623565674,0.07539638481466682,0.10361272096633911,0.12261681258678436,0.007229576109569858,0.015137580037117003,0.020228326320648193
11,test_seen_d4,copy,0,0,cls_query,0.028701812028884888,0.028845246881246567,0.04066517949104309,0.0437893383204937,0.05017537623643875,0.05611513555049896,0.9765625,0.01171875,False,0.024354175799089717,0.038626369833946225,0.05043220520019531,0.02680618670910917,0.03918571062386036,0.0518842376768589,0.7755578976648394,0.9991209954023361,1.0151933431625366,0.034936170978653536,0.053985401242971416,0.06834325939416885,0.028701811800601718,0.043789337575435634,0.05611513555049896,0.20545184495131252,0.3034973159432411,0.36889469623565674,0.07539638481466682,0.103541050106287,0.12261681258678436,0.005648379912599921,0.01126241385936737,0.01659703254699707
11,test_seen_d4,copy,0,1,all_rows,0.03922354057431221,0.03375841677188873,0.07106423377990723,0.0842914879322052,0.10791660845279694,0.13484078645706177,0.9735440611839294,0.2638494372367859,False,0.019895661053355565,0.043910434655845154,0.11926677823066711,0.024106467829162946,0.05134350806474685,0.12797975540161133,0.6725515679943121,0.996826121211052,1.1638635396957397,0.03958097480711909,0.09124053679406642,0.2575833201408386,0.039223544732852715,0.08429149314761161,0.13484080135822296,0.379723754740553,0.46404099464416504,0.5263976454734802,0.12173555651679635,0.14639690518379211,0.16654415428638458,0.1764950410314751,0.28031139373779296,0.37165677547454834
11,test_seen_d4,copy,0,1,cls_query,0.04389164596796036,0.04309803992509842,0.06240134686231613,0.0660027265548706,0.07521964609622955,0.08546223491430283,1.0,0.32421875,False,0.02160625598662591,0.03771850168704986,0.04905235767364502,0.023954113667059573,0.04105544444173574,0.06129192188382149,0.6667320036212914,0.9342978298664093,1.0636016130447388,0.038005475795216626,0.06701674610376357,0.10453295707702637,0.04389164336316753,0.06600272245705127,0.08546227961778641,0.379723754740553,0.46384592205286024,0.5263976454734802,0.12173555651679635,0.1462650291621685,0.16654415428638458,0.20778859790880233,0.29278694987297055,0.33544445037841797
11,test_seen_d4,copy,1,0,all_rows,0.02730616182088852,0.027805190533399582,0.04863758012652397,0.05363589525222778,0.06173432618379593,0.07475930452346802,0.8057528138160706,0.08167613297700882,False,0.02181414665149749,0.045810351893305776,0.06481341272592545,0.017649120434386004,0.041688818670809265,0.06751231104135513,0.6439435644689101,1.190312355756759,1.9832009077072144,0.03174555080223549,0.07919931672513483,0.16057778894901276,0.03233185698753067,0.05844848882406949,0.24283894896507263,0.29913099395344034,0.37920042872428894,0.4449065625667572,0.11021791449456941,0.13213126361370087,0.14306233823299408,0.0004571667152710936,0.0015020132064819335,0.001973748207092285
11,test_seen_d4,copy,1,0,cls_query,0.008803623728454113,0.005020945332944393,0.023547228425741196,0.04158027842640877,0.052223607897758484,0.057545267045497894,0.23828125,0.017578125,True,0.008370627627101612,0.041262900829315184,0.05754506587982178,0.007943547784591942,0.03509375378489493,0.05606862157583237,1.0245020466973074,1.819832670688629,1.9832009077072144,0.009834550635517303,0.050020962208509406,0.08454352617263794,0.020211821102691374,0.08191930353641508,0.24283894896507263,0.29913099395344034,0.3790383517742157,0.4449065625667572,0.11021791449456941,0.1318822719156742,0.14306233823299408,0.00038416392635554075,0.0010980814695358274,0.0016061067581176758
11,test_seen_d4,copy,1,1,all_rows,0.041673384606838226,0.0385928750038147,0.06945344805717468,0.08482925593852997,0.1157330572605133,0.16004905104637146,0.9527698755264282,0.3004261255264282,False,0.02766564632315749,0.05693821012973784,0.14111071825027466,0.03077591182702897,0.07487257048487655,0.17990444600582123,0.9024801756181247,1.2243391692638397,1.4073247909545898,0.03735648117594792,0.10917230620980262,0.26001596450805664,0.046316196855844864,0.09315738752484322,0.1736631840467453,0.31079518095066305,0.426576167345047,0.49872082471847534,0.10002396373602096,0.1315133273601532,0.15303170680999756,0.0525694731305438,0.13051903843879697,0.1662566065788269
11,test_seen_d4,copy,1,1,cls_query,0.01611659862101078,0.012684840708971024,0.03306706249713898,0.039998359978199005,0.05769406259059906,0.06900492310523987,0.59765625,0.025390625,False,0.011337867873180585,0.031393870711326585,0.05936986207962036,0.011628039049583094,0.03252144549041986,0.07848445326089859,0.8630229837144725,1.234326022863388,1.4073247909545898,0.0141671817052611,0.04916808437556028,0.08247768133878708,0.027429529454366275,0.07322701998054981,0.17024844884872437,0.31079518095066305,0.42637391537427904,0.49872082471847534,0.10002396373602096,0.13119827061891556,0.15303170680999756,0.06668150960467756,0.11799641549587249,0.14681577682495117
11,test_seen_d8,xor,0,0,all_rows,0.022565418854355812,0.019879471510648727,0.0421004556119442,0.046950068324804306,0.05566281080245972,0.07016051560640335,0.8010416626930237,0.02812499925494194,False,0.015489311629911148,0.036607968807220455,0.06362271308898926,0.019083780811786254,0.04207920767366886,0.06334694474935532,0.4632721512694843,0.8309039056301115,1.1310197114944458,0.03890508176893188,0.06769569478929041,0.15113325417041779,0.02256541970091348,0.046950106322765334,0.07016050815582275,0.19384156379965134,0.27135777473449707,0.3389372229576111,0.06199532425307552,0.08092330396175385,0.097057044506073,0.0076154248245681325,0.017341494560241692,0.024354994297027588
11,test_seen_d8,xor,0,0,cls_query,0.023850228637456894,0.02361254207789898,0.033971499651670456,0.03726353123784065,0.044851936399936676,0.05526365712285042,0.974609375,0.00390625,False,0.019691358391355607,0.03192900717258453,0.04134553670883179,0.021012855032267908,0.03145335279405117,0.04057037830352783,0.8304803125211038,1.0465531110763548,1.1310197114944458,0.0257981085760548,0.04020439609885216,0.054169315844774246,0.023850236183534435,0.0372635493054986,0.055263713002204895,0.19384156379965134,0.27124926447868347,0.3389372229576111,0.06199532425307552,0.08080017268657684,0.097057044506073,0.006505241151899099,0.01126338243484497,0.018952906131744385
11,test_seen_d8,xor,0,1,all_rows,0.04210023581981659,0.03570738434791565,0.08015356212854385,0.09140743315219879,0.10756798088550568,0.1340375691652298,0.9770833253860474,0.3235677182674408,False,0.025069019079819555,0.05378318130969996,0.1043463945388794,0.023637982433804914,0.04906712397933006,0.10072413831949234,0.47463575353613124,0.5626002013683319,0.9686756730079651,0.05402384897473288,0.12660672143101692,0.2513168156147003,0.04210023382650737,0.09140742905437942,0.1340375542640686,0.3852760454756208,0.45441415905952454,0.49527445435523987,0.1109922748291865,0.1275528520345688,0.13750047981739044,0.2012414771442612,0.3396935552358627,0.4311525225639343
11,test_seen_d8,xor,0,1,cls_query,0.0314573273062706,0.03116782382130623,0.04341920092701912,0.048118654638528824,0.052963729947805405,0.060960471630096436,1.0,0.033203125,False,0.019220872949517798,0.035649567842483514,0.0498654842376709,0.019280141188573907,0.03023176211863756,0.038259491324424744,0.4959704680950381,0.5359905809164047,0.5488833785057068,0.03954744176735403,0.06677101179957388,0.09334567189216614,0.03145731032418553,0.04811865855008363,0.060960475355386734,0.3852760454756208,0.4543468073010445,0.49527445435523987,0.1109922748291865,0.12749808058142661,0.13750047981739044,0.21575801924336702,0.2746827095746994,0.3125547766685486
11,test_seen_d8,xor,1,0,all_rows,0.014214839786291122,0.014769995585083961,0.02193865366280079,0.024225976318120956,0.029275482520461082,0.03714064508676529,0.7191406488418579,0.0,False,0.01006745451580476,0.019673842191696166,0.0292408037930727,0.011265350381817522,0.023613968677818765,0.03167179971933365,0.4969472104382779,0.8562636017799378,0.9078335165977478,0.022354211473824156,0.0378205593675375,0.06157408282160759,0.024034313667652896,0.05290450584143399,0.15539410710334778,0.24850343016441911,0.3049915134906769,0.35818609595298767,0.08219162294699345,0.09502339363098145,0.10725264996290207,0.0005895869573578239,0.001879593729972839,0.0023428797721862793
11,test_seen_d8,xor,1,0,cls_query,0.01666414551436901,0.0167242344468832,0.018867846578359604,0.019354037940502167,0.020035458728671074,0.020687879994511604,0.99609375,0.0,False,0.016656639520078897,0.01932128965854645,0.02068793773651123,0.018399334421701496,0.023456359934061765,0.025470608845353127,0.853747331770137,0.885137340426445,0.9078335165977478,0.0215726342103153,0.027444631047546863,0.030180081725120544,0.0166743643276277,0.01937558576464653,0.020688140764832497,0.24850343016441911,0.30494371652603147,0.35818609595298767,0.08219162294699345,0.09490811377763748,0.10725264996290207,3.69467306882143e-06,1.3431906700134275e-05,0.0002474188804626465
11,test_seen_d8,xor,1,1,all_rows,0.031132645905017853,0.026250461116433144,0.0551588200032711,0.06810986250638962,0.08981113135814667,0.12794801592826843,0.9830729365348816,0.13268229365348816,False,0.01885301494118418,0.05208062827587127,0.10885617136955261,0.03529980903825466,0.10217998437583446,0.22592325508594513,0.8226315724226879,1.6752728164196014,1.7069956064224243,0.06666560784791122,0.2615525230765341,0.7200362086296082,0.03588685980375885,0.07688307613134382,0.19916917383670807,0.23797476317849942,0.3340546488761902,0.3949826657772064,0.07674424411379732,0.0961797758936882,0.11048271507024765,0.04829418912219505,0.1563544154167175,0.19648313522338867
11,test_seen_d8,xor,1,1,cls_query,0.017723433673381805,0.017193786799907684,0.023882465437054634,0.025972990319132805,0.03334452211856842,0.045294683426618576,0.986328125,0.0,False,0.01720437768381089,0.025358885526657104,0.04529458284378052,0.032661010071024066,0.049533155746757984,0.0913693904876709,1.6498726810095832,1.6918909311294557,1.7069956064224243,0.019874767342116684,0.029583673086017368,0.07553370296955109,0.018540548466262408,0.02615110957995057,0.09528861939907074,0.23797476317849942,0.33387342691421507,0.3949826657772064,0.07674424411379732,0.09613358937203884,0.11048271507024765,0.0076838318491354585,0.02245824337005615,0.1225196123123169
11,test_seen_d8,copy,0,0,all_rows,0.029902342706918716,0.02864358387887478,0.05087190121412277,0.05615372210741043,0.06714615225791931,0.07921922951936722,0.9169270992279053,0.10846354067325592,False,0.019777838542055785,0.042852236330509184,0.07293272018432617,0.024849246224994202,0.051319889351725566,0.07465299218893051,0.4938710129160124,0.8422358602285385,1.1371405124664307,0.04835102321035265,0.08264885768294335,0.16823989152908325,0.029902342297161037,0.05615370552986859,0.07921922951936722,0.22582816211797763,0.3131568431854248,0.391459196805954,0.07020742331951624,0.09253335744142532,0.11004851013422012,0.008161843800917268,0.016917970776557916,0.023067772388458252
11,test_seen_d8,copy,0,0,cls_query,0.030660873278975487,0.0301964171230793,0.041783809661865234,0.0446123443543911,0.05246150493621826,0.06451355665922165,0.9921875,0.017578125,False,0.02429747897440393,0.03827713429927826,0.04809093475341797,0.027695484523064806,0.03937814012169838,0.05332013592123985,0.8244089728686959,1.0629814863204956,1.1371405124664307,0.034169119383477664,0.05028826780617237,0.07247424125671387,0.030660874154818885,0.04461234081536532,0.06451356410980225,0.22582816211797763,0.3130991294980049,0.391459196805954,0.07020742331951624,0.092439304292202,0.11004851013422012,0.0069687876384705305,0.011596831679344175,0.018912792205810547
11,test_seen_d8,copy,0,1,all_rows,0.04862848296761513,0.04484962299466133,0.08104926347732544,0.09093901515007019,0.10954304039478302,0.14704768359661102,0.9936197996139526,0.4156250059604645,False,0.01980287489686816,0.039244870841503125,0.10149677097797394,0.024422113519752504,0.04718674290925263,0.1194663718342781,0.5691727529124667,0.8224784940481186,1.0731021165847778,0.046099169591767956,0.09477928355336186,0.22393010556697845,0.0486284774569261,0.09093901962041852,0.14704766869544983,0.38901607249863446,0.45546895265579224,0.511698842048645,0.10818063265469391,0.12433123588562012,0.1373402178287506,0.1879528799947972,0.3034781754016876,0.4336737394332886
11,test_seen_d8,copy,0,1,cls_query,0.04955333098769188,0.04815250635147095,0.06754963845014572,0.07415751367807388,0.0827483981847763,0.08832331001758575,1.0,0.443359375,False,0.020280470067518763,0.03695034086704254,0.056571394205093384,0.02341080604310264,0.036979747191071506,0.05885639414191246,0.5375226361793466,0.7056313335895539,0.9292905330657959,0.04499379397020675,0.07418854013085364,0.11060428619384766,0.049553329812624725,0.0741575039923191,0.08832333236932755,0.38901607249863446,0.4544372037053108,0.511698842048645,0.10818063265469391,0.1242070309817791,0.1373402178287506,0.1934163646074012,0.28258893787860867,0.36133289337158203
11,test_seen_d8,copy,1,0,all_rows,0.027604185044765472,0.02834402024745941,0.04852793738245964,0.052954040467739105,0.05997830629348755,0.07394503802061081,0.8044270873069763,0.08177082985639572,False,0.021147701577721514,0.040773569047451,0.05953002721071243,0.01676965742241142,0.0345318516716361,0.06434211134910583,0.5961324050285233,1.0113043010234826,1.9471609592437744,0.03141115863272243,0.06695559062063693,0.1312914490699768,0.03407918695813616,0.058594297803938385,0.23285311460494995,0.32356175751192495,0.4129752516746521,0.4645296633243561,0.09987164752965327,0.11724502593278885,0.12985913455486298,0.0005304384122913082,0.0017090469598770132,0.0023314952850341797
11,test_seen_d8,copy,1,0,cls_query,0.005671527236700058,0.0037567901890724897,0.011039583012461662,0.015839040279388428,0.03777603805065155,0.04756053909659386,0.125,0.0,True,0.004886388693705612,0.011768920719623564,0.04445147514343262,0.004751102938186591,0.013331135082989928,0.045851729810237885,0.9363848372595385,1.6554908215999602,1.9471609592437744,0.00592179045661112,0.01556625687517225,0.07120157778263092,0.026745565287995987,0.10441088788211345,0.23285311460494995,0.32356175751192495,0.4129497304558754,0.4645296633243561,0.09987164752965327,0.11723712123930455,0.12985913455486298,0.00045102450530976057,0.001146167516708374,0.001560211181640625
11,test_seen_d8,copy,1,1,all_rows,0.05513497442007065,0.05030137300491333,0.09380026161670685,0.1101616844534874,0.14511439204216003,0.17660698294639587,0.974609375,0.5052083134651184,False,0.027934289174375713,0.05720249265432356,0.13585448265075684,0.035603204875163406,0.08366508148610585,0.17442043125629425,0.8173670461168513,1.0771438360214232,1.3097550868988037,0.04686146529667212,0.12663588076829896,0.2805151045322418,0.06036685054765864,0.11864317804574961,0.1934494972229004,0.38475740706780925,0.5320343971252441,0.5883350968360901,0.10446259298623772,0.14006081223487854,0.15359941124916077,0.059754671847137314,0.15236052274703976,0.19394993782043457
11,test_seen_d8,copy,1,1,cls_query,0.021398164331912994,0.014000770635902882,0.048962097615003586,0.06069307029247284,0.09279608726501465,0.10949571430683136,0.6640625,0.091796875,False,0.01269695936230164,0.04177154600620269,0.09623104333877563,0.013385248679242068,0.04488280192017555,0.11691643297672272,0.8216985060716979,1.0793001174926757,1.3097550868988037,0.01677348617312191,0.06218871977180242,0.14008335769176483,0.03487444777783821,0.08819031119346618,0.16195711493492126,0.38475740706780925,0.5316532671451568,0.5883350968360901,0.10446259298623772,0.1399790935218334,0.15359941124916077,0.0834669154137373,0.1433624118566513,0.1749492883682251
11,validation_seen_d4,xor,0,0,all_rows,0.01825389266014099,0.01548782829195261,0.0363130085170269,0.04142264276742935,0.04922487586736679,0.058056630194187164,0.7066761255264282,0.007102272938936949,False,0.014091216391534545,0.03477440029382706,0.058056652545928955,0.016316116658231294,0.03887150343507528,0.05633952096104622,0.4372761115929196,0.8222779929637909,1.015143632888794,0.03580290845345437,0.06883574463427067,0.16390907764434814,0.01825389542343394,0.041422647424042225,0.05805665999650955,0.1620788242726121,0.25933346152305603,0.28368958830833435,0.062063223791483324,0.08778266608715057,0.09634942561388016,0.00654481973668391,0.015589118003845215,0.020670950412750244
11,validation_seen_d4,xor,0,0,cls_query,0.02010314352810383,0.019540157169103622,0.02967294491827488,0.03303965553641319,0.036442115902900696,0.04723193496465683,0.9375,0.0,False,0.01779326577525353,0.030916571617126465,0.03597456216812134,0.01891841356155055,0.03015067707747221,0.03960569575428963,0.7715761318104342,0.9988543391227722,1.015143632888794,0.024681438870175043,0.039216481149196625,0.053437624126672745,0.020103149926399055,0.03303966764360666,0.0472320094704628,0.1620788242726121,0.25765569508075714,0.28368958830833435,0.062063223791483324,0.08689239621162415,0.09634942561388016,0.005561865400522947,0.011511191725730896,0.01755577325820923
11,validation_seen_d4,xor,0,1,all_rows,0.035089682787656784,0.02871459349989891,0.06883712112903595,0.0810341089963913,0.100627101957798,0.13493095338344574,0.9303977489471436,0.22407670319080353,False,0.023962114216952945,0.05207082815468311,0.1006304919719696,0.02301258298228442,0.04710984695702791,0.10779424011707306,0.5063315777118657,0.5718069225549698,0.8947195410728455,0.0485024430775163,0.11478024907410145,0.2316041737794876,0.03508967883433136,0.0810341127216816,0.13493093848228455,0.3724106972804293,0.4627304673194885,0.48359420895576477,0.12479601154336706,0.14942476153373718,0.15541967749595642,0.14976211328228767,0.2623063176870346,0.3680770993232727
11,validation_seen_d4,xor,0,1,cls_query,0.024447377771139145,0.02071753889322281,0.03566830977797508,0.039448291063308716,0.04635380581021309,0.05045666545629501,1.0,0.00390625,False,0.01795940055308165,0.02912849187850952,0.04456263780593872,0.01737362138737808,0.023727507796138525,0.032155320048332214,0.5307703542057425,0.5534087717533112,0.5583221912384033,0.03283447160356445,0.04579312540590763,0.06301052123308182,0.024447363830404356,0.0394482770934701,0.050456702709198,0.3724106972804293,0.4598470702767372,0.48359420895576477,0.12479601154336706,0.14915770292282104,0.15541967749595642,0.148652461823076,0.2023140788078308,0.22736573219299316
11,validation_seen_d4,xor,1,0,all_rows,0.014812079258263111,0.014818607829511166,0.02371005155146122,0.02588781528174877,0.030076423659920692,0.044405918568372726,0.7180397510528564,0.0,False,0.011104792014107674,0.02280077850446105,0.036757178604602814,0.011996033380119736,0.0250843926332891,0.03572751209139824,0.4958971277546053,0.8347072005271912,0.8657753467559814,0.02388122611703445,0.041813007555902004,0.06360422074794769,0.02297850885059399,0.04556585941463709,0.09607755392789841,0.24614334484795108,0.3024003207683563,0.3228437602519989,0.09459922544192523,0.11165956407785416,0.1264946013689041,0.0004786860875108025,0.0014223307371139526,0.0019419193267822266
11,validation_seen_d4,xor,1,0,cls_query,0.019880549982190132,0.019946083426475525,0.023031579330563545,0.02407543547451496,0.025468269363045692,0.026124268770217896,0.9921875,0.0,False,0.019869975745677948,0.024075299501419067,0.026124536991119385,0.02078289314886206,0.02630477026104927,0.029804149642586708,0.8264337300788611,0.8555808961391449,0.8657753467559814,0.02514296922890935,0.03187279962003231,0.035311609506607056,0.019912128991563804,0.024125131778419018,0.026123225688934326,0.24614334484795108,0.3013998791575432,0.3228437602519989,0.09459922544192523,0.11159782856702805,0.1264946013689041,7.114838808774948e-06,2.7671456336975098e-05,0.0002741217613220215
11,validation_seen_d4,xor,1,1,all_rows,0.02744237892329693,0.0250724945217371,0.04412508010864258,0.05191609263420105,0.06734223663806915,0.09926987439393997,0.9733664989471436,0.05859375,False,0.0163516474011968,0.03318687528371811,0.08925998210906982,0.027996471879470682,0.061547454446554184,0.16428424417972565,0.8085006416605954,1.6427682638168335,1.68014657497406,0.043605177143449095,0.11510813608765602,0.5235231518745422,0.03495636345657906,0.07261458598077297,0.1449095755815506,0.20418019866338,0.27137601375579834,0.3221879005432129,0.07985245311283506,0.09586791694164276,0.10883738845586777,0.04444887095384977,0.11847507953643799,0.16713237762451172
11,validation_seen_d4,xor,1,1,cls_query,0.018168583512306213,0.01658923178911209,0.024771783500909805,0.030824480578303337,0.04426141083240509,0.05938568338751793,0.9921875,0.00390625,False,0.016908840101677924,0.025026366114616394,0.05811125040054321,0.030507287763612112,0.047053863294422626,0.1196276992559433,1.5751595275942236,1.6686742007732391,1.68014657497406,0.019697876345162513,0.03327523358166218,0.0850607305765152,0.019329705864947755,0.03219027165323496,0.08800381422042847,0.20418019866338,0.2712845727801323,0.3221879005432129,0.07985245311283506,0.09565260261297226,0.10883738845586777,0.0128653843421489,0.06926020979881287,0.09663498401641846
11,validation_seen_d4,copy,0,0,all_rows,0.02704670839011669,0.025317665189504623,0.047416042536497116,0.052905552089214325,0.06174498423933983,0.08042186498641968,0.8824573755264282,0.07848011702299118,False,0.0196304099466612,0.04246799275279045,0.05976223945617676,0.02307320373774308,0.05100603029131889,0.07919040322303772,0.48004030696624383,0.8442349433898926,1.0151761770248413,0.046524976204016806,0.08613071404397488,0.19961854815483093,0.027046707931235273,0.052905564196407795,0.0804218277335167,0.2019156821188517,0.2897626459598541,0.34641629457473755,0.0739918405743083,0.09887326508760452,0.11783438920974731,0.007202924356203188,0.015005514025688171,0.02020549774169922
11,validation_seen_d4,copy,0,0,cls_query,0.028635554015636444,0.02887769229710102,0.03994280472397804,0.043017931282520294,0.05115777626633644,0.056048400700092316,0.98828125,0.015625,False,0.024448733467579586,0.038411810994148254,0.043846189975738525,0.02648465545007639,0.03861660975962877,0.051352933049201965,0.767873651930131,1.000272512435913,1.0151761770248413,0.03495578719775949,0.05332793667912483,0.07142193615436554,0.02863555698786513,0.04301793035119772,0.05604839324951172,0.2019156821188517,0.28917457163333893,0.34641629457473755,0.0739918405743083,0.09846735186874866,0.11783438920974731,0.005841898266226053,0.01180596649646759,0.017292320728302002
11,validation_seen_d4,copy,0,1,all_rows,0.039142392575740814,0.03346565365791321,0.07080183178186417,0.08531765639781952,0.10985169559717178,0.14583224058151245,0.9719460010528564,0.26278409361839294,False,0.01995574846180468,0.04263170063495636,0.11958977580070496,0.024458406260815867,0.0524396663531661,0.11224755644798279,0.6783092041838575,1.0117221474647522,1.141121506690979,0.03973943876504067,0.09166811779141426,0.2742399275302887,0.039142394599862615,0.08531766943633556,0.14583222568035126,0.3777591625112109,0.4750513732433319,0.5237301588058472,0.12116087760659866,0.14880819618701935,0.16211126744747162,0.17677051880904895,0.28541283309459686,0.3718143105506897
11,validation_seen_d4,copy,0,1,cls_query,0.04432001709938049,0.04476631432771683,0.060998640954494476,0.06548918783664703,0.07767228037118912,0.07968626916408539,1.0,0.34765625,False,0.022213288699276745,0.03775903396308422,0.04499763250350952,0.02408719879895216,0.037814537063241005,0.05000338330864906,0.6986477097962052,0.9488039910793304,1.044937252998352,0.03661972061308916,0.06316189095377922,0.08527711033821106,0.04432001933309948,0.06548918411135674,0.0796862542629242,0.3777591625112109,0.4737710654735565,0.5237301588058472,0.12116087760659866,0.14860566705465317,0.16211126744747162,0.2159455877263099,0.3128330409526825,0.34121644496917725
11,validation_seen_d4,copy,1,0,all_rows,0.027402954176068306,0.027992919087409973,0.04827307537198067,0.05393143370747566,0.06149887293577194,0.07721206545829773,0.8018465638160706,0.08167613297700882,False,0.02155904071891903,0.045380630530416965,0.06290005892515182,0.017161276548100866,0.04061988927423954,0.06466388702392578,0.6335725171004676,1.1185188591480255,1.9650808572769165,0.030759446748551123,0.07629749737679958,0.13252075016498566,0.03235974733585904,0.05889737140387297,0.2241855263710022,0.2960682745324448,0.38391903042793274,0.43684521317481995,0.10967406937561464,0.13275881111621857,0.14679443836212158,0.0004485217346386476,0.001535162329673767,0.001963973045349121
11,validation_seen_d4,copy,1,0,cls_query,0.00781458429992199,0.005166395101696253,0.015006957575678825,0.03284784033894539,0.04600613936781883,0.05001237988471985,0.19921875,0.00390625,True,0.007364433018778982,0.03284773230552673,0.04973781108856201,0.007022150444896624,0.027182697784155607,0.05072616785764694,0.9827654084656388,1.7578972280025482,1.9650808572769165,0.00825606548670521,0.04157118685543537,0.07071428000926971,0.022215828928779047,0.10512179881334305,0.2241855263710022,0.2960682745324448,0.37656622380018234,0.43684521317481995,0.10967406937561464,0.132580254226923,0.14679443836212158,0.0003457155544310808,0.0009839534759521484,0.0017613768577575684
11,validation_seen_d4,copy,1,1,all_rows,0.04008125886321068,0.03733789175748825,0.06613101065158844,0.07756377756595612,0.10677803307771683,0.1511792540550232,0.9502840638160706,0.26633521914482117,False,0.026243598516058144,0.05282839387655258,0.11757183074951172,0.02892290651702338,0.06615942530333996,0.16236774623394012,0.9131905825078402,1.2322891652584076,1.4496594667434692,0.03465222108384709,0.09519349783658981,0.25150659680366516,0.04468819518065588,0.08685903437435627,0.16444960236549377,0.3083498466294259,0.4317574203014374,0.4940524697303772,0.09920649348350707,0.13214731216430664,0.14967462420463562,0.05258245814845643,0.13148140907287598,0.16654813289642334
11,validation_seen_d4,copy,1,1,cls_query,0.0157229732722044,0.011927051469683647,0.03505147621035576,0.043037641793489456,0.050903189927339554,0.05779967084527016,0.55859375,0.01171875,False,0.010714468166042934,0.029975712299346924,0.04734522104263306,0.011016496107458806,0.03005565796047449,0.05987701192498207,0.8976121396990493,1.3085240125656128,1.4496594667434692,0.012847332712681236,0.04279089719057083,0.06874345242977142,0.027645104329167225,0.08592062629759312,0.12818346917629242,0.3083498466294259,0.42921488732099533,0.4940524697303772,0.09920649348350707,0.13129060342907906,0.14967462420463562,0.06493500177748501,0.11272192001342773,0.13656026124954224
22,test_heldout_d4,xor,0,0,all_rows,0.123026542365551,0.11840109527111053,0.17882820963859558,0.19773723185062408,0.23261705040931702,0.2696460783481598,1.0,0.9799360632896423,False,0.09905701998898374,0.18406780064105988,0.2545747458934784,0.0800444595613292,0.13525615110993383,0.19475959241390228,0.4869907349824313,0.5725102514028549,0.8325379490852356,0.17477112250377436,0.3688795551657676,0.6746513247489929,0.12302654039971954,0.1977372035384178,0.269646018743515,0.7954606350976974,0.9001370668411255,1.0083304643630981,0.26111198306898586,0.2881203889846802,0.3126775324344635,0.10195248602593149,0.20674450993537902,0.25979894399642944
22,test_heldout_d4,xor,0,0,cls_query,0.15550628304481506,0.15484188497066498,0.17782889306545258,0.18515247106552124,0.19241659343242645,0.20590923726558685,1.0,1.0,False,0.15550626709591597,0.18515244722366334,0.20590931177139282,0.10507859144126996,0.1285751275718212,0.14878220856189728,0.5712225359166041,0.5732974410057068,0.5733237266540527,0.18393450090661645,0.22514583468437194,0.2603926658630371,0.15550626115873456,0.18515248596668243,0.20590917766094208,0.7954606350976974,0.8995843201875686,1.0083304643630981,0.26111198306898586,0.2878445729613304,0.3126775324344635,0.006492156069725752,0.021054652333259583,0.02119821310043335
22,test_heldout_d4,xor,0,1,all_rows,0.021481696516275406,0.020370572805404663,0.03324957191944122,0.03664159029722214,0.041746027767658234,0.05268053710460663,0.9419389367103577,0.00035511364694684744,False,0.010988885703392787,0.02210382074117659,0.04252326488494873,0.013324348146439164,0.0259835728444159,0.046235136687755585,0.5372634303586726,0.8285803675651549,0.9800801277160645,0.025310852305872024,0.04564694445580244,0.10648272186517715,0.021481696284767662,0.036641597747802734,0.052680596709251404,0.14479121526528616,0.18497829139232635,0.21405059099197388,0.05751926289667608,0.06675872206687927,0.07407714426517487,0.04917251426641914,0.0954814463853836,0.11618798971176147
22,test_heldout_d4,xor,0,1,cls_query,0.01672368496656418,0.015856929123401642,0.023788591846823692,0.02679566480219364,0.0347629114985466,0.0371575728058815,0.919921875,0.0,False,0.008754668700930779,0.018946748971939084,0.028667747974395752,0.011079428855055085,0.02162972232326864,0.040108438581228256,0.6539356940775178,0.8414406597614288,0.8966967463493347,0.017764869163329422,0.03469944931566715,0.0649690330028534,0.016723684047065035,0.026795654743909835,0.037157606333494186,0.14479121526528616,0.1847250297665596,0.21405059099197388,0.05751926289667608,0.06666875444352627,0.07407714426517487,0.06668739242013544,0.10279238820075988,0.11337566375732422
22,test_heldout_d4,xor,1,0,all_rows,0.023332679644227028,0.022018596529960632,0.03798654302954674,0.04254318028688431,0.051852576434612274,0.07258054614067078,0.9115766882896423,0.015980113297700882,False,0.0151145546416377,0.032356899604201315,0.07258051633834839,0.02088094692224083,0.04471920281648636,0.09980987757444382,0.5433921832088593,0.9929434955120086,1.478927731513977,0.043757258322619404,0.09888916239142417,0.20129477977752686,0.03978383246844301,0.07405669726431365,0.16591763496398926,0.2169512057735119,0.2745482921600342,0.3291357755661011,0.07818931176007027,0.09393361955881119,0.10938508063554764,0.044512629096226934,0.10115553438663481,0.13172030448913574
22,test_heldout_d4,xor,1,0,cls_query,0.009891227819025517,0.009433170780539513,0.01373559981584549,0.015811968594789505,0.020307224243879318,0.025861242786049843,0.408203125,0.0,True,0.009650152361246,0.015079006552696226,0.025861084461212158,0.01360459293346139,0.020962921157479282,0.029581570997834206,0.9889600380556658,1.2293187379837036,1.478927731513977,0.013796893091694074,0.020400994736701247,0.0398542620241642,0.009806939423469885,0.01556779989041388,0.08976123481988907,0.2169512057735119,0.27436198890209196,0.3291357755661011,0.07818931176007027,0.09390385299921036,0.10938508063554764,0.009576285723596811,0.04444783031940459,0.08775019645690918
22,test_heldout_d4,xor,1,1,all_rows,0.005712626967579126,0.004999297671020031,0.009714722633361816,0.011904139071702957,0.015829211100935936,0.025082603096961975,0.09161932021379471,0.0,True,0.003176654890425694,0.008258783817291258,0.024700284004211426,0.004879860873943057,0.012484139529988168,0.04763210192322731,0.4684008528155656,0.78499638736248,1.1802798509597778,0.010879737496369753,0.026009973138570775,0.09764814376831055,0.036604071361828326,0.08335129953920836,0.2378034144639969,0.12691014203301165,0.17047423124313354,0.2090083658695221,0.05102604277635692,0.06334832310676575,0.06977112591266632,0.004615923749621619,0.010526677966117857,0.013194859027862549
22,test_heldout_d4,xor,1,1,cls_query,0.008179968222975731,0.007477687671780586,0.013103681616485119,0.0146449264138937,0.0192585252225399,0.025082603096961975,0.28515625,0.0,True,0.0057008468061212625,0.013036507368087768,0.024700284004211426,0.0074524360777559195,0.01768418876454234,0.038901861757040024,0.646547599171754,1.0334447324275968,1.1802798509597778,0.011834186367423172,0.02713048690930009,0.059078119695186615,0.05647287561760095,0.1424490138888359,0.22003233432769775,0.12691014203301165,0.16960686221718788,0.2090083658695221,0.05102604277635692,0.0633205644786358,0.06977112591266632,0.006936432560905814,0.011267122626304627,0.012720167636871338
22,test_heldout_d4,copy,0,0,all_rows,0.11270669102668762,0.11341571807861328,0.15031836926937103,0.15879857540130615,0.1781410127878189,0.2121962457895279,1.0,0.9753196239471436,False,0.07737490357034073,0.13543142676353453,0.18705332279205322,0.08797169646517101,0.14437444806098937,0.21627271175384521,0.5048679138549645,0.8017296820878982,0.9859480261802673,0.18533376427719553,0.31089965254068364,0.5646664500236511,0.11270669761556333,0.15879853889346124,0.2121962606906891,0.6168168266303837,0.7093398571014404,0.7985646724700928,0.2091741791809909,0.23468415439128876,0.2578750550746918,0.11112562343689868,0.1958700597286224,0.24642759561538696
22,test_heldout_d4,copy,0,0,cls_query,0.08783050626516342,0.08571271598339081,0.14727045595645905,0.16261176764965057,0.18567214906215668,0.19758830964565277,1.0,0.8203125,False,0.06532128805520188,0.13310617208480835,0.18025928735733032,0.07067975519112224,0.12683169469237326,0.17152546346187592,0.711809512693435,0.9695491850376129,0.9775898456573486,0.11161513501883746,0.24773574098944662,0.37248465418815613,0.08783050821693905,0.1626117654144764,0.19758830964565277,0.6168168266303837,0.7090007871389389,0.7985646724700928,0.2091741791809909,0.2346740409731865,0.2578750550746918,0.11198881396558136,0.1564394861459732,0.18241512775421143
22,test_heldout_d4,copy,0,1,all_rows,0.01913720928132534,0.018003927543759346,0.02869979664683342,0.032399144023656845,0.03927690163254738,0.04697363078594208,0.9272016882896423,0.0,False,0.010459001419927848,0.022534005343914032,0.039555907249450684,0.012207434003771183,0.023798986617475745,0.04823794588446617,0.5317850933484309,0.7816408842802047,0.9075639247894287,0.023585213880902633,0.043882068060338494,0.10738465934991837,0.01913720737304009,0.032399166375398636,0.04697361961007118,0.12902573644532822,0.1635037064552307,0.18810945749282837,0.05465663543873234,0.06388460099697113,0.07017413526773453,0.04600171449551867,0.09128188788890838,0.11700886487960815
22,test_heldout_d4,copy,0,1,cls_query,0.015230445191264153,0.014121579006314278,0.021740468218922615,0.024944216012954712,0.031877852976322174,0.040488265454769135,0.861328125,0.0,False,0.008636943654437346,0.018597039580345153,0.026584208011627197,0.011512593493080203,0.022386701498180627,0.04823794588446617,0.6632510593044572,0.8474365532398224,0.9075639247894287,0.018035657954897033,0.03494095131754875,0.07266637682914734,0.015230442871143168,0.024944223091006277,0.04048828035593033,0.12902573644532822,0.1630113534629345,0.18810945749282837,0.05465663543873234,0.06386940628290176,0.07017413526773453,0.06447285006288439,0.10113989412784577,0.11214542388916016
22,test_heldout_d4,copy,1,0,all_rows,0.029126904904842377,0.02671535685658455,0.047795575112104416,0.0543065182864666,0.06720023602247238,0.09018752723932266,0.9586292505264282,0.07972300797700882,False,0.019912657890689512,0.04840130507946013,0.07789766788482666,0.02266626533255269,0.05122569110244511,0.09904732555150986,0.6082691221116957,0.9999449431896209,1.3711422681808472,0.04219543752141031,0.11077066697180271,0.2470836341381073,0.05627992298435525,0.11284361258149145,0.32240480184555054,0.1873676127725048,0.2977682650089264,0.40688034892082214,0.07189753201964777,0.09760341048240662,0.13052010536193848,0.05486559614920142,0.10918649733066557,0.1362065076828003
22,test_heldout_d4,copy,1,0,cls_query,0.018631555140018463,0.015247544273734093,0.035978782922029495,0.04557444527745247,0.06946126371622086,0.07554788142442703,0.685546875,0.044921875,False,0.01590140659584449,0.0438754916191101,0.07554787397384644,0.01758752864463986,0.044107748381793495,0.0678221732378006,0.9210880501777865,1.2219029664993286,1.3711422681808472,0.022237174634256007,0.06512014158070087,0.1536652147769928,0.04314497705308895,0.09843706749379634,0.1687518209218979,0.1873676127725048,0.29768063724040983,0.40688034892082214,0.07189753201964777,0.09727297462522982,0.13052010536193848,0.05886792880482972,0.10933163166046142,0.13581115007400513
22,test_heldout_d4,copy,1,1,all_rows,0.005794908385723829,0.005359766073524952,0.0094674713909626,0.010842007584869862,0.013730774633586407,0.01915072835981846,0.07670454680919647,0.0,True,0.003443252681418843,0.008734938502311704,0.017093539237976074,0.004017081927202071,0.010084255691617723,0.020412344485521317,0.6975319886590693,1.008482265472412,1.2067532539367676,0.00624964516932571,0.01642817817628383,0.058873292058706284,0.03506143249044478,0.08258453682065009,0.18429729342460632,0.1017805566516472,0.149152934551239,0.2004031389951706,0.04088442318607122,0.054677996784448624,0.06821423768997192,0.004127971700985323,0.010040730237960815,0.012967169284820557
22,test_heldout_d4,copy,1,1,cls_query,0.006454894319176674,0.006192637141793966,0.010150764137506485,0.011239578016102314,0.012721456587314606,0.014175616204738617,0.111328125,0.0,True,0.004281429565253347,0.00946773588657379,0.012371361255645752,0.004941761594864147,0.010999258141964672,0.020412344485521317,0.694673026970122,1.0282935917377471,1.197332739830017,0.008048770202549349,0.020278668496757746,0.04707207530736923,0.034905437558336416,0.0784771043807268,0.1443067044019699,0.1017805566516472,0.14915135279297828,0.2004031389951706,0.04088442318607122,0.0545073390007019,0.06821423768997192,0.0065910444827750325,0.011496570706367492,0.012849092483520508
22,test_heldout_d8,xor,0,0,all_rows,0.12695367634296417,0.1240302100777626,0.19555115699768066,0.21395039558410645,0.24293798208236694,0.2860615849494934,1.0,0.9752604365348816,False,0.0930540042581318,0.1885249853134155,0.2649734914302826,0.0758223610131002,0.14138626679778094,0.21006909012794495,0.4601133676323419,0.570320525765419,0.729045569896698,0.1806261291858391,0.41609293371438955,0.763583779335022,0.1269536779121457,0.2139504253864288,0.286061555147171,0.8303046418586746,0.9371280670166016,0.9987606406211853,0.2334172840055544,0.25743672251701355,0.2735592722892761,0.13744359295039127,0.24218509197235102,0.31189948320388794
22,test_heldout_d8,xor,0,0,cls_query,0.14676836133003235,0.1461065113544464,0.16675744950771332,0.17247353494167328,0.17927208542823792,0.1920323371887207,1.0,1.0,False,0.1467683435184881,0.17247343063354492,0.19203251600265503,0.09638292455929331,0.11712576895952224,0.1287219375371933,0.5707041205605492,0.5731247782707214,0.5732969641685486,0.16886604494357016,0.20510309636592866,0.2258022278547287,0.14676833001431078,0.1724734827876091,0.1920323669910431,0.8303046418586746,0.9367894560098649,0.9987606406211853,0.2334172840055544,0.2574291989207268,0.2735592722892761,0.008100778330117464,0.021774083375930783,0.028833985328674316
22,test_heldout_d8,xor,0,1,all_rows,0.023294949904084206,0.022099003195762634,0.035341255366802216,0.03847246244549751,0.044472429901361465,0.05443960800766945,0.9750000238418579,0.0016927083488553762,False,0.010236390616591961,0.020983539521694176,0.03857409954071045,0.013210457305406938,0.0241176038980484,0.042113881558179855,0.5142097282630858,0.7936349838972085,1.0962198972702026,0.026363718093762145,0.046186205372214316,0.08473281562328339,0.02329495003905322,0.0384724674746394,0.05443958938121796,0.1549935050716158,0.186538428068161,0.2149600088596344,0.054557044299144763,0.060508303344249725,0.0651136115193367,0.0508538777474314,0.10193505883216855,0.1368577480316162
22,test_heldout_d8,xor,0,1,cls_query,0.016325971111655235,0.015490781515836716,0.023052575066685677,0.02523881010711193,0.03134237974882126,0.0442066565155983,0.935546875,0.0,False,0.007287431485565321,0.014000850915908813,0.02484378218650818,0.010443603267049184,0.019248468335717913,0.03318232297897339,0.718137685325928,0.9722354769706726,1.0962198972702026,0.015566957903047296,0.0341122267767787,0.0833880826830864,0.016325969506397087,0.025238834600895644,0.04420667141675949,0.1549935050716158,0.18629737794399262,0.2149600088596344,0.054557044299144763,0.06047455985099077,0.0651136115193367,0.06979670631699264,0.1103843480348587,0.12743979692459106
22,test_heldout_d8,xor,1,0,all_rows,0.027200397104024887,0.026633309200406075,0.04173469543457031,0.045899201184511185,0.05521111935377121,0.06906826049089432,0.9352864623069763,0.02526041679084301,False,0.016030484721341054,0.03325126022100448,0.06816607713699341,0.02136892307415413,0.04320337567478417,0.0801733136177063,0.5114479448626904,0.9408726096153259,1.4060662984848022,0.04719994952562653,0.10360703133046623,0.20535673201084137,0.04385222258758101,0.07797726169228554,0.17531777918338776,0.22546696595964022,0.27856189012527466,0.3260596692562103,0.07308876631577732,0.08442939817905426,0.09497401863336563,0.052160465810447934,0.11447381377220152,0.15270304679870605
22,test_heldout_d8,xor,1,0,cls_query,0.008623000234365463,0.008002424612641335,0.011491128243505955,0.013288461603224277,0.021910669282078743,0.028362764045596123,0.19921875,0.0,True,0.008536376641131938,0.01293952763080597,0.028345167636871338,0.01127600545714813,0.015354817220941185,0.026426613330841064,0.9892389557790011,1.1821699261665344,1.4060662984848022,0.011441673270383035,0.015757534094154833,0.029260441660881042,0.00899028586991335,0.011330920271575447,0.15335945785045624,0.22546696595964022,0.2778160214424133,0.3260596692562103,0.07308876631577732,0.08442586995661258,0.09497401863336563,0.006385248387232423,0.025540784001350396,0.08212053775787354
22,test_heldout_d8,xor,1,1,all_rows,0.005928476341068745,0.005221840459853411,0.009759805165231228,0.011981540359556675,0.01660541631281376,0.025943944230675697,0.09127604216337204,0.0,True,0.002700141836567127,0.007714129984378812,0.023112058639526367,0.004848688299982011,0.012138156080618485,0.032769184559583664,0.4605008215061389,0.7238275140523909,1.0866049528121948,0.011215206502113991,0.027448209282010753,0.1032545268535614,0.036166942246139415,0.08253588788211345,0.21392495930194855,0.1247546904196497,0.15432365238666534,0.18618613481521606,0.04580524220364168,0.05350998789072037,0.05974125862121582,0.0049596447808047135,0.01210815906524658,0.01541823148727417
22,test_heldout_d8,xor,1,1,cls_query,0.009153260849416256,0.008510123938322067,0.014495090581476688,0.016266463324427605,0.0189882330596447,0.025943944230675697,0.365234375,0.0,True,0.00592472014386658,0.013191421329975124,0.023112058639526367,0.007590748332745534,0.016498658526688813,0.029529210180044174,0.600854658143362,0.9255034536123276,1.074306845664978,0.013256037759902028,0.025997749250382184,0.09266785532236099,0.059325523055122176,0.121845181286335,0.1733103096485138,0.1247546904196497,0.15427738800644875,0.18618613481521606,0.04580524220364168,0.053449778631329534,0.05974125862121582,0.008538779569789767,0.013291469216346741,0.014953911304473877
22,test_heldout_d8,copy,0,0,all_rows,0.12520118057727814,0.12533020973205566,0.16131529211997986,0.1722172051668167,0.19214777648448944,0.2351009100675583,1.0,0.9897135496139526,False,0.07524118973912361,0.13190065771341322,0.20163410902023315,0.08028293271114914,0.13089202716946602,0.22426222264766693,0.4484722484136,0.6658098131418227,0.9702232480049133,0.18821741960139965,0.3240679159760475,0.5627431869506836,0.12520116658439898,0.17221722826361657,0.2351009100675583,0.6836899794870988,0.7892791032791138,0.8821900486946106,0.19723897744552232,0.22071945667266846,0.24956974387168884,0.12417709249226998,0.22038111388683307,0.309087872505188
22,test_heldout_d8,copy,0,0,cls_query,0.09170375764369965,0.09331808239221573,0.1406613141298294,0.1524890810251236,0.17497751116752625,0.2185082882642746,1.0,0.87109375,False,0.05977628373693733,0.11098353266716002,0.17858615517616272,0.06188970251787396,0.1113775759935379,0.15128447115421295,0.6221553288633004,0.9248433589935303,0.9702232480049133,0.10970755460766668,0.22834846153855318,0.41131946444511414,0.09170376046313322,0.1524890959262848,0.21850824356079102,0.6836899794870988,0.7891307294368743,0.8821900486946106,0.19723897744552232,0.22060825824737548,0.24956974387168884,0.13714252843055874,0.20053500235080718,0.24123460054397583
22,test_heldout_d8,copy,0,1,all_rows,0.0216508861631155,0.020541571080684662,0.032404977828264236,0.03567168116569519,0.04140862450003624,0.04875168949365616,0.9735677242279053,0.0,False,0.01028942865159479,0.022316314280033108,0.03679776191711426,0.012442538504971404,0.02244293335825203,0.04138612002134323,0.513195040767702,0.7489723443984985,1.091192364692688,0.0248423153463591,0.04360453058034181,0.08552584797143936,0.021650887142156232,0.035671671479940416,0.048751696944236755,0.1418354284542147,0.17065970599651337,0.19916604459285736,0.05292660390114179,0.05943533778190613,0.06447436660528183,0.048801334109157324,0.09295343756675706,0.14176958799362183
22,test_heldout_d8,copy,0,1,cls_query,0.01558381225913763,0.014850495383143425,0.0216081365942955,0.024340353906154633,0.02919195592403412,0.04078700393438339,0.91015625,0.0,False,0.007554844873084221,0.014791670441627502,0.03208070993423462,0.011076341610987583,0.021130286902189255,0.0398624911904335,0.7138003468862735,0.933487617969513,1.091192364692688,0.016485273494254216,0.034094924479722975,0.060667432844638824,0.01558380960887007,0.024340350739657877,0.04078703746199608,0.1418354284542147,0.1703632779419422,0.19916604459285736,0.05292660390114179,0.05938978027552366,0.06447436660528183,0.06532154197338969,0.10651226341724394,0.12501293420791626
22,test_heldout_d8,copy,1,0,all_rows,0.03226126357913017,0.03133850917220116,0.04801031947135925,0.05325784161686897,0.06335283815860748,0.07919255644083023,0.9825521111488342,0.07903645932674408,False,0.019649930025025242,0.04241037070751188,0.07854229211807251,0.022868684781603102,0.045888498611748214,0.09619785100221634,0.5538494119866907,0.9055603533983229,1.2930333614349365,0.04648742517097162,0.10775848291814326,0.21974126994609833,0.05606061224361838,0.10941114574670782,0.30202776193618774,0.19591448635037523,0.2912738621234894,0.33819878101348877,0.06806322218471905,0.086025170981884,0.0988583192229271,0.05917682674092551,0.11304661929607392,0.157892644405365
22,test_heldout_d8,copy,1,0,cls_query,0.02114000916481018,0.018973108381032944,0.04083360731601715,0.047479912638664246,0.059089045971632004,0.07919255644083023,0.798828125,0.0390625,False,0.016174935460639972,0.042551150918006896,0.07854229211807251,0.01777714188642676,0.044552114419639105,0.0770951509475708,0.8288172653410584,1.160062962770462,1.2930333614349365,0.02478550589034967,0.0660240825265646,0.11758050322532654,0.06794729609782735,0.17312084212899206,0.30202776193618774,0.19591448635037523,0.2908176764845848,0.33819878101348877,0.06806322218471905,0.08591673038899898,0.0988583192229271,0.07364801969379187,0.12300848960876463,0.157892644405365
22,test_heldout_d8,copy,1,1,all_rows,0.006473901681602001,0.006127507425844669,0.009728760458528996,0.010968905873596668,0.014545472338795662,0.02117154560983181,0.08580729365348816,0.0,True,0.003010913464928914,0.006884691119194031,0.020686209201812744,0.003936157928175514,0.008592772204428908,0.025144705548882484,0.7078252097087291,0.9902888149023055,1.2070642709732056,0.006075506990547789,0.014764081360772232,0.07104949653148651,0.032557962440660046,0.0735300119966268,0.1950227916240692,0.1089321813051356,0.15149231255054474,0.19327475130558014,0.03932340756364283,0.04861650988459587,0.054572418332099915,0.004306631411115328,0.009854006767272942,0.01549375057220459
22,test_heldout_d8,copy,1,1,cls_query,0.007029535714536905,0.00656244158744812,0.011042154394090176,0.012590788304805756,0.015975618734955788,0.017382750287652016,0.140625,0.0,True,0.003921357544641069,0.009653806686401365,0.014042019844055176,0.004687915679141952,0.012298686709254979,0.025144705548882484,0.6592227180371992,0.9842383354902268,1.116834044456482,0.008252183879335462,0.02404721695929765,0.06462590396404266,0.04037186431014561,0.08141288533806801,0.11653763055801392,0.1089321813051356,0.15147946998476983,0.19327475130558014,0.03932340756364283,0.04844767767935991,0.054572418332099915,0.006746810278855264,0.013172668218612672,0.0144234299659729
22,test_seen_d4,xor,0,0,all_rows,0.12230527400970459,0.1184096708893776,0.1774928867816925,0.1975952535867691,0.22637543082237244,0.26879096031188965,1.0,0.9788707494735718,False,0.09819247565842075,0.18191407024860382,0.24937021732330322,0.07943475450817707,0.1337910883128643,0.19973187148571014,0.48710899524369533,0.572681087255478,0.8421367406845093,0.17348356690027603,0.3660389646887779,0.733527421951294,0.12230527752729937,0.19759526476263997,0.26879099011421204,0.7912475584307685,0.8843881487846375,0.9632635712623596,0.25994693467509933,0.2836526334285736,0.304433673620224,0.10151139585385946,0.20213481783866882,0.26918816566467285
22,test_seen_d4,xor,0,0,cls_query,0.15415100753307343,0.15430644154548645,0.17626790702342987,0.18108312785625458,0.19357091188430786,0.20418600738048553,1.0,1.0,False,0.1541509861126542,0.1810830354690552,0.2041858434677124,0.10379791499872226,0.12632477879524232,0.15489396452903748,0.5713051713537425,0.5733061313629151,0.5733339190483093,0.18164886459999252,0.22055820375680923,0.2705458104610443,0.1541509777016472,0.18108307346701621,0.20418600738048553,0.7912475584307685,0.8837577402591705,0.9632635712623596,0.25994693467509933,0.2836353570222855,0.304433673620224,0.006374262389726937,0.021055573225021364,0.021198511123657227
22,test_seen_d4,xor,0,1,all_rows,0.021499866619706154,0.0206887349486351,0.0326409786939621,0.03576935827732086,0.04175089672207832,0.04942813515663147,0.9449573755264282,0.0,False,0.010819768357826186,0.02128981500864029,0.0412142276763916,0.013043572359513499,0.024854014534503213,0.039279963821172714,0.5289517109155316,0.814500704407692,0.9802460670471191,0.025300116248672566,0.04514224585145711,0.09039810299873352,0.021499864777483293,0.035769352875649925,0.04942811280488968,0.14510853361571208,0.1889551877975464,0.2343241572380066,0.05747742055973504,0.06795613467693329,0.07610251754522324,0.04839621291665191,0.09341361224651336,0.11676675081253052
22,test_seen_d4,xor,0,1,cls_query,0.016691073775291443,0.015664197504520416,0.02431144192814827,0.02746833674609661,0.038282256573438644,0.04749119281768799,0.919921875,0.0,False,0.008729173954634462,0.018093328177928924,0.026663541793823242,0.010940092964119685,0.02105266498401761,0.03888530656695366,0.6516860845731571,0.8428566932678222,0.917699933052063,0.017621883275296568,0.03531270939856768,0.060857612639665604,0.016691071215063857,0.02746830657124519,0.04749118536710739,0.14510853361571208,0.18884173557162284,0.2343241572380066,0.05747742055973504,0.06786645799875259,0.07610251754522324,0.06707049091346562,0.1054521918296814,0.11462640762329102
22,test_seen_d4,xor,1,0,all_rows,0.0231546051800251,0.022090911865234375,0.03732074052095413,0.042583536356687546,0.05300555005669594,0.07927984744310379,0.91015625,0.01473721582442522,False,0.015090368311286345,0.032270253635942936,0.07367700338363647,0.021060490716784196,0.04394392054527998,0.0854770690202713,0.5375045294508296,0.9785741508007048,1.4089590311050415,0.04454952517376527,0.10017964318394659,0.20786969363689423,0.039105291657010224,0.07225863970816135,0.13945522904396057,0.21720478261704557,0.2715466320514679,0.31026846170425415,0.07824172270920826,0.0941547304391861,0.10230863839387894,0.043239282930947164,0.10098766982555388,0.13544517755508423
22,test_seen_d4,xor,1,0,cls_query,0.009850528091192245,0.009360583499073982,0.013655188493430614,0.015861425548791885,0.01964922621846199,0.028445418924093246,0.41015625,0.0,True,0.009616321786324988,0.015160781145095826,0.02812206745147705,0.013464028304497333,0.02009896235540509,0.03159711882472038,0.9901937966933474,1.2068693995475768,1.4089590311050415,0.01365747768068104,0.02047151923179626,0.04320049285888672,0.010015865072091401,0.016803973540663715,0.07800226658582687,0.21720478261704557,0.2707296252250671,0.31026846170425415,0.07824172270920826,0.09399750120937823,0.10230863839387894,0.00896735885180533,0.03976500630378721,0.09616369009017944
22,test_seen_d4,xor,1,1,all_rows,0.005730979144573212,0.005038581322878599,0.009578435681760311,0.01158885844051838,0.01620439812541008,0.027322543784976006,0.08362925797700882,0.0,True,0.0031301585264600362,0.0075904220342636105,0.026624739170074463,0.004682704022844642,0.011359676811844108,0.03317795321345329,0.46901197963267227,0.7634773731231689,1.178329348564148,0.010529006338040083,0.02511303480714559,0.08060198277235031,0.036223402744739855,0.08086662627756595,0.23184235394001007,0.128009499021573,0.17110563814640045,0.20918799936771393,0.05144025835033972,0.06495359539985657,0.07158173620700836,0.00460064991123297,0.010395720601081848,0.013282418251037598
22,test_seen_d4,xor,1,1,cls_query,0.007784972433000803,0.00677318312227726,0.012740928679704666,0.016021862626075745,0.021780943498015404,0.027322543784976006,0.23828125,0.0,True,0.005257691452584368,0.013231855630874631,0.026624739170074463,0.006731242443947849,0.01723615862429142,0.030574599280953407,0.6401038382318802,0.9559689849615096,1.1631889343261719,0.010903948232680705,0.02719542076811194,0.05677386745810509,0.05552458527927229,0.1426371768116951,0.23184235394001007,0.128009499021573,0.1703501395881176,0.20918799936771393,0.05144025835033972,0.064924431219697,0.07158173620700836,0.006921512656845152,0.011280500888824463,0.01284480094909668
22,test_seen_d4,copy,0,0,all_rows,0.11220323294401169,0.11257849633693695,0.15029215812683105,0.16099002957344055,0.17970290780067444,0.22124797105789185,1.0,0.9738991260528564,False,0.07632449226912286,0.13418413400650023,0.1942731738090515,0.08738655472817217,0.14541774615645406,0.21464422345161438,0.5034305071643427,0.7953600227832793,1.0705927610397339,0.18510868955755458,0.3166723564267158,0.5632803440093994,0.11220323591723255,0.16099003478884696,0.22124800086021423,0.6138681466109119,0.7169835567474365,0.7844094634056091,0.20968744449783117,0.23552978038787842,0.2568501830101013,0.10879068470306018,0.19372653663158418,0.2518935799598694
22,test_seen_d4,copy,0,0,cls_query,0.09229306131601334,0.09020692855119705,0.1492130309343338,0.1626870185136795,0.1808464527130127,0.20112036168575287,1.0,0.82421875,False,0.0689978442787833,0.13352591097354888,0.17889022827148438,0.075464798410394,0.13396837413311005,0.1770889014005661,0.6893957889988087,0.968601793050766,0.9788693785667419,0.1255743066813011,0.2620246052742004,0.4353877604007721,0.09229306972702034,0.1626870423555374,0.20112034678459167,0.6138681466109119,0.7169453978538514,0.7844094634056091,0.20968744449783117,0.23541151732206345,0.2568501830101013,0.11233830102719367,0.17060090005397796,0.202503502368927
22,test_seen_d4,copy,0,1,all_rows,0.01961563713848591,0.01851547695696354,0.029553625732660294,0.03272857889533043,0.03971429541707039,0.0480797104537487,0.9419389367103577,0.0,False,0.010653812262179681,0.022630453109741207,0.041942477226257324,0.012312674974840444,0.02345131300389767,0.03957251086831093,0.5350600901821797,0.7751549810171127,0.9269687533378601,0.02394545316515591,0.0463835211470723,0.12457054108381271,0.0196156375115441,0.032728588394820686,0.04807967692613602,0.13184954554890282,0.17743322253227234,0.20364245772361755,0.055344056549074594,0.06608674675226212,0.07521048188209534,0.0463370890991593,0.09075827896595001,0.11554485559463501
22,test_seen_d4,copy,0,1,cls_query,0.015857482329010963,0.014846308156847954,0.023440895602107048,0.02616686187684536,0.03167425096035004,0.04505988955497742,0.875,0.0,False,0.00883357390330275,0.018906369805336,0.034315645694732666,0.011719968617853738,0.021519766468554736,0.03957251086831093,0.6566641347599216,0.8467302858829499,0.9269687533378601,0.018847094149350596,0.036835070326924325,0.061855994164943695,0.01585747902026924,0.026166866440325974,0.04505986347794533,0.13184954554890282,0.177195942401886,0.20364245772361755,0.055344056549074594,0.0660385400056839,0.07521048188209534,0.063606740324758,0.10153245031833648,0.11371445655822754
22,test_seen_d4,copy,1,0,all_rows,0.029360609129071236,0.026998043060302734,0.04837368056178093,0.05616211146116257,0.06888849288225174,0.09513208270072937,0.9588068127632141,0.08647017180919647,False,0.020061501853929672,0.04856017827987671,0.08604243397712708,0.02262601433593855,0.051219118572771546,0.10490035265684128,0.6137107831759336,1.0005711019039152,1.320441484451294,0.041122087942467675,0.10261344760656356,0.26365968585014343,0.055215947869845135,0.11272118352353572,0.27223536372184753,0.187629586624098,0.3023098111152649,0.3924728035926819,0.07184869061165955,0.09740237146615982,0.12107528001070023,0.053234650774604896,0.10647397041320801,0.1336761713027954
22,test_seen_d4,copy,1,0,cls_query,0.020637303590774536,0.01787116378545761,0.04067086800932884,0.05302419140934944,0.07161173969507217,0.07756286859512329,0.708984375,0.0625,False,0.017640484737512452,0.04909972399473189,0.07756292819976807,0.01918503089132173,0.04908314384520053,0.07365234941244125,0.9187856047064997,1.235144430398941,1.320441484451294,0.0234032036167946,0.06565120220184326,0.1311294585466385,0.04851430556777814,0.12094353400170801,0.23531541228294373,0.187629586624098,0.3008905231952667,0.3924728035926819,0.07184869061165955,0.09707119800150393,0.12107528001070023,0.06133341928943992,0.11228786706924437,0.1302814483642578
22,test_seen_d4,copy,1,1,all_rows,0.005534227006137371,0.00502015370875597,0.009160405956208706,0.010517727583646774,0.013226334936916828,0.024322060868144035,0.06463067978620529,0.0,True,0.0031896160930955375,0.007956223189830774,0.024322032928466797,0.0036078640770876354,0.008942526159808034,0.03188599646091461,0.7092373218726028,1.0332112610340118,1.246079683303833,0.005699154082895513,0.015293008973821997,0.059597380459308624,0.033533316435502704,0.07610259428620335,0.16971123218536377,0.10229464547592215,0.154209703207016,0.2033165991306305,0.040747450504568405,0.0551125593483448,0.06784483045339584,0.003993920992467214,0.009778511524200437,0.01294320821762085
22,test_seen_d4,copy,1,1,cls_query,0.006418390199542046,0.0058525362983345985,0.010209217667579651,0.011508507654070854,0.014406517148017883,0.019733604043722153,0.11328125,0.0,True,0.004042932504944474,0.00908513069152832,0.01581960916519165,0.0046823216035818405,0.011989829037338496,0.027795031666755676,0.7147921129944734,1.0448654651641844,1.1912755966186523,0.007535569009064602,0.023121789656579492,0.05415033921599388,0.034736623560092994,0.07215224876999854,0.1313101202249527,0.10229464547592215,0.15400400906801223,0.2033165991306305,0.040747450504568405,0.05508232563734054,0.06784483045339584,0.006744184182025492,0.011769095063209533,0.01294320821762085
22,test_seen_d8,xor,0,0,all_rows,0.12612353265285492,0.12184123694896698,0.19514404237270355,0.21369138360023499,0.24188432097434998,0.27394428849220276,1.0,0.9727864861488342,False,0.09248393476130636,0.18985097110271454,0.26413431763648987,0.07534908902028595,0.14143196791410442,0.21685104072093964,0.46036874543836653,0.5709591090679168,0.7461644411087036,0.1800290193091011,0.42071579843759527,0.8467193245887756,0.1261235340333466,0.2136914581060409,0.273944228887558,0.8240655215922743,0.9375718235969543,1.0008314847946167,0.2325940668815747,0.2585834562778473,0.27712905406951904,0.1364853729881967,0.24226176738739014,0.306199848651886
22,test_seen_d8,xor,0,0,cls_query,0.14562064409255981,0.14534223079681396,0.1680861860513687,0.17372733354568481,0.18241076171398163,0.1901083141565323,1.0,1.0,False,0.14562064153142273,0.17372708022594452,0.19010818004608154,0.09574725368293002,0.11811433881521224,0.12871888279914856,0.5707270451821387,0.5731184244155884,0.5733040571212769,0.16773204671335407,0.2068126067519188,0.2248498648405075,0.1456206293660216,0.17372733429074289,0.1901083141565323,0.8240655215922743,0.9375200271606445,1.0008314847946167,0.2325940668815747,0.2583484873175621,0.27712905406951904,0.008089298731647432,0.02157011330127716,0.030294835567474365
22,test_seen_d8,xor,0,1,all_rows,0.023391874507069588,0.022426951676607132,0.03503737971186638,0.03852645680308342,0.045024044811725616,0.05499953031539917,0.9759114384651184,0.0020833334419876337,False,0.010409261939003045,0.021763673424720725,0.03883099555969238,0.013310700501263758,0.02359446492046116,0.03976612910628319,0.5137045707999884,0.7901904135942458,1.1501026153564453,0.02680513085824714,0.046803135052323294,0.10311345010995865,0.023391874696487017,0.03852647524327039,0.05499950796365738,0.1552651427919045,0.1916043609380722,0.2374788075685501,0.054664089664584026,0.06118503957986832,0.06964822858572006,0.051095017278566954,0.10062555968761441,0.14183759689331055
22,test_seen_d8,xor,0,1,cls_query,0.016649296507239342,0.01570923998951912,0.02373218722641468,0.02895430475473404,0.03624041751027107,0.045020848512649536,0.921875,0.0,False,0.007656843876702624,0.016267207264900205,0.02634286880493164,0.010761455802821729,0.021206556260585784,0.03976612910628319,0.7074435528484173,0.9511656820774078,1.1501026153564453,0.01644419724061663,0.03577641118317841,0.0682077705860138,0.01664929257640324,0.028954306244850157,0.04502084478735924,0.1552651427919045,0.19125612825155258,0.2374788075685501,0.054664089664584026,0.06117914076894522,0.06964822858572006,0.07006507983896881,0.10975683927536009,0.12530553340911865
22,test_seen_d8,xor,1,0,all_rows,0.02697616256773472,0.026483789086341858,0.04112539440393448,0.04580002650618553,0.05410284176468849,0.07410573959350586,0.9365885257720947,0.02265625074505806,False,0.015800972990291484,0.032901322841644286,0.06509220600128174,0.02129965807392485,0.04276380073279141,0.08120885491371155,0.5142406354367267,0.9450050801038742,1.4583410024642944,0.046731959371300036,0.10176784321665758,0.22486428916454315,0.04403583345350247,0.07934710420668124,0.17789022624492645,0.2241549358004704,0.27305927872657776,0.3061615526676178,0.07264210891298717,0.08322376757860184,0.09150141477584839,0.051807564000288645,0.11630990505218501,0.15297329425811768
22,test_seen_d8,xor,1,0,cls_query,0.008648294024169445,0.00813026912510395,0.011426004581153393,0.013076163828372955,0.023502090945839882,0.03062012419104576,0.22265625,0.0,True,0.008538182475604117,0.012813565135002135,0.030620098114013672,0.011285110067547066,0.01592010650783777,0.028770841658115387,0.9932922316947952,1.1957574665546418,1.4583410024642944,0.011422457097978622,0.01614354206249118,0.034058619290590286,0.009405990176674095,0.012164555676281448,0.11207741498947144,0.2241549358004704,0.2729290172457695,0.3061615526676178,0.07264210891298717,0.08311915434896945,0.09150141477584839,0.007368037826381624,0.029217794537544247,0.10073214769363403
22,test_seen_d8,xor,1,1,all_rows,0.005990682635456324,0.005336437374353409,0.009517880156636238,0.011707350611686707,0.016534091904759407,0.025342261418700218,0.08632812649011612,0.0,True,0.002702718838130143,0.007062128186225888,0.02336585521697998,0.004683565602639798,0.011035301769152274,0.036680907011032104,0.4589171608502511,0.7070653647184372,1.1020381450653076,0.010856340517496696,0.025814687367528667,0.1072319969534874,0.0367918588829222,0.08642348200082775,0.2282140851020813,0.12589724770805333,0.16004136204719543,0.19545873999595642,0.04617378243710846,0.05428905785083771,0.0623524971306324,0.004984373110346496,0.01205154061317443,0.01573413610458374
22,test_seen_d8,xor,1,1,cls_query,0.0087736202403903,0.007913095876574516,0.01388098206371069,0.015791667625308037,0.019665276631712914,0.025342261418700218,0.30078125,0.0,True,0.005660127309056406,0.0134719580411911,0.02336585521697998,0.006945703309838791,0.015971614327281714,0.026375584304332733,0.5985595164238475,0.8464248329401015,1.0627697706222534,0.01187991828783197,0.0256841697730124,0.04325758293271065,0.060226738272831426,0.12633038386702536,0.2282140851020813,0.12589724770805333,0.1599781982600689,0.19545873999595642,0.04617378243710846,0.054286416806280616,0.0623524971306324,0.008589729201048613,0.012737959623336792,0.014420628547668457
22,test_seen_d8,copy,0,0,all_rows,0.12521520256996155,0.12606580555438995,0.16208967566490173,0.172599196434021,0.19286277890205383,0.25084489583969116,1.0,0.9859374761581421,False,0.07562254610274977,0.13280735611915587,0.19240015745162964,0.07918263879497923,0.1293204866349697,0.21900562942028046,0.45832741843381275,0.6859293639659881,0.9587273597717285,0.18260348408827365,0.32315126210451117,0.5786719918251038,0.12521520181762752,0.17259916961193084,0.2508448660373688,0.6853752927272581,0.7900251150131226,0.862234354019165,0.19752447356586345,0.22176459431648254,0.23979392647743225,0.12698280511734386,0.22233341038227072,0.3047935962677002
22,test_seen_d8,copy,0,0,cls_query,0.08773979544639587,0.08850391209125519,0.1314155012369156,0.14183397591114044,0.15915440022945404,0.18538472056388855,1.0,0.833984375,False,0.05370116741323727,0.10068423449993133,0.15515229105949402,0.05809956244956993,0.10366051755845546,0.15640880167484283,0.6168444763752632,0.909790876507759,0.9587273597717285,0.10516725701381802,0.2000422939658165,0.37758585810661316,0.0877397976728389,0.1418339744210243,0.18538473546504974,0.6853752927272581,0.789992955327034,0.862234354019165,0.19752447356586345,0.2215188480913639,0.23979392647743225,0.1304980549030006,0.19474810361862183,0.24097776412963867
22,test_seen_d8,copy,0,1,all_rows,0.02169301174581051,0.020691297948360443,0.032398857176303864,0.03557249531149864,0.04117022454738617,0.04917187616229057,0.9712239503860474,0.0,False,0.010254683984339864,0.02211015224456787,0.03966176509857178,0.01233646310547556,0.022068026475608328,0.042406972497701645,0.5135970979618529,0.7514292836189269,1.213295340538025,0.024832433936959813,0.0446416305378079,0.11800803244113922,0.021693013582686643,0.03557248972356318,0.04917189106345177,0.14108219571062364,0.17815591394901276,0.2259395271539688,0.05291113093699096,0.06013033539056778,0.07028181105852127,0.04882737478862206,0.09343573153018951,0.13999104499816895
22,test_seen_d8,copy,0,1,cls_query,0.015408162958920002,0.014612343162298203,0.021335849538445473,0.02542589232325554,0.03312037140130997,0.041127175092697144,0.884765625,0.0,False,0.007448781352422884,0.015563009679317475,0.031205296516418457,0.010782274538087222,0.019997208192944527,0.042406972497701645,0.719666251912713,0.9695279479026794,1.213295340538025,0.016023612532990228,0.034435857273638244,0.07161041349172592,0.015408158961690788,0.025425906665623183,0.04112716391682625,0.14108219571062364,0.1779460810124874,0.2259395271539688,0.05291113093699096,0.06006855666637421,0.07028181105852127,0.06621798244304955,0.10804769992828368,0.13400673866271973
22,test_seen_d8,copy,1,0,all_rows,0.03346943110227585,0.0320434495806694,0.05017295852303505,0.056258607655763626,0.06712149828672409,0.08303888887166977,0.9861978888511658,0.10208333283662796,False,0.0208140841762012,0.04572783857583991,0.08295473456382751,0.023373411711751637,0.04772250782698392,0.08794610947370529,0.5589962288601479,0.8950931459665296,1.3017370700836182,0.046950189974859315,0.10843240544199925,0.31377843022346497,0.05633524313699733,0.10715092904865742,0.3113771975040436,0.20198430251912214,0.29470083117485046,0.36595776677131653,0.06890874145756243,0.0876869335770607,0.10280898958444595,0.05955979135663559,0.11502513587474822,0.15505915880203247
22,test_seen_d8,copy,1,0,cls_query,0.023149369284510612,0.01970842480659485,0.045040350407361984,0.05330852419137955,0.06557320803403854,0.06806894391775131,0.83984375,0.0625,False,0.018070675159492566,0.04889603853225707,0.06806892156600952,0.020082993097275903,0.047114752046763894,0.07618344575166702,0.7987128258682787,1.1632822036743162,1.3017370700836182,0.029722596031433568,0.08243088647723197,0.16564254462718964,0.07426540488700084,0.18337762504816055,0.3113771975040436,0.20198430251912214,0.2940973535180092,0.36595776677131653,0.06890874145756243,0.08725768290460109,0.10280898958444595,0.07968119089491665,0.13000753819942473,0.15014714002609253
22,test_seen_d8,copy,1,1,all_rows,0.0067403269931674,0.006352427415549755,0.010242028161883354,0.011495595797896385,0.013943755067884922,0.023190738633275032,0.11562500149011612,0.0,True,0.003110275169516778,0.007158723403699696,0.020809710025787354,0.003933806295420558,0.0087041059974581,0.030280182138085365,0.7298505573067814,1.0251907527446746,1.2197399139404297,0.005859838145981181,0.013957381900399916,0.07226647436618805,0.03111315294703066,0.06927303224801988,0.23261749744415283,0.11197689126856858,0.1528792381286621,0.22100572288036346,0.04005871171102626,0.04795566573739052,0.06178278848528862,0.0043435033333177366,0.010054486989974963,0.015371382236480713
22,test_seen_d8,copy,1,1,cls_query,0.007151901721954346,0.006691167131066322,0.010916441679000854,0.012069405056536198,0.015127859078347683,0.018369946628808975,0.14453125,0.0,True,0.003893084269748215,0.00927809476852417,0.014827191829681396,0.004618864548774582,0.010497843800112604,0.023728832602500916,0.6788459001691081,0.99931640625,1.2052562236785889,0.007632898712017777,0.01920822728425264,0.0450347475707531,0.04062722377739192,0.08879353739321232,0.13222330808639526,0.11197689126856858,0.15272865146398543,0.22100572288036346,0.04005871171102626,0.0478873673826456,0.06178278848528862,0.00730051938444376,0.013335034251213074,0.015371382236480713
22,validation_seen_d4,xor,0,0,all_rows,0.12160661816596985,0.11754851043224335,0.18008394539356232,0.1993708461523056,0.2294503152370453,0.26135769486427307,1.0,0.9754971861839294,False,0.09695580957221947,0.1838189736008644,0.24655497074127197,0.07904863168071395,0.13555384427309036,0.20601987838745117,0.48394897737836634,0.5725104659795761,0.8168203234672546,0.1749723814249261,0.374469593167305,0.7249082922935486,0.1216066161181185,0.1993708424270153,0.26135769486427307,0.7862982454244047,0.8966503143310547,0.9464431405067444,0.25893556064693257,0.2861238420009613,0.3016761839389801,0.10105226576243612,0.2008686661720276,0.2546171545982361
22,validation_seen_d4,xor,0,0,cls_query,0.15256279706954956,0.15206359326839447,0.1767430305480957,0.18281064927577972,0.19471819698810577,0.2035648077726364,1.0,1.0,False,0.15256277797743678,0.1828104853630066,0.20356476306915283,0.10226602395414375,0.12405703775584698,0.14277711510658264,0.5712533302139491,0.5733002424240112,0.5733289122581482,0.1789953585830517,0.21670204773545265,0.24933287501335144,0.15256277535809204,0.18281062692403793,0.20356477797031403,0.7862982454244047,0.8947849273681641,0.9464431405067444,0.25893556064693257,0.2847448065876961,0.3016761839389801,0.006737837800756097,0.021055638790130615,0.021162867546081543
22,validation_seen_d4,xor,0,1,all_rows,0.021525926887989044,0.020853806287050247,0.03249374404549599,0.03574277088046074,0.04233956336975098,0.05049789696931839,0.9428266882896423,0.00035511364694684744,False,0.01097624011766708,0.02236783504486084,0.03591585159301758,0.013237470712490242,0.025644942186772823,0.037616897374391556,0.5273135160201822,0.8168798387050629,0.9804236888885498,0.02597210505899222,0.04729114659130573,0.09752157330513,0.02152592645771537,0.035742782056331635,0.0504978783428669,0.145479922182858,0.18334205448627472,0.2196156531572342,0.05738657976326067,0.06612048298120499,0.07306089252233505,0.04902894341979514,0.09372706711292267,0.1120566725730896
22,validation_seen_d4,xor,0,1,cls_query,0.01659986935555935,0.015286684036254883,0.024084124714136124,0.027831032872200012,0.03528883308172226,0.042401764541864395,0.921875,0.0,False,0.00852598471010424,0.01724289357662201,0.02774953842163086,0.010971130967845966,0.021754128392785788,0.030069468542933464,0.6422639939701185,0.839653804898262,0.9187766909599304,0.018166506830311846,0.03597243595868349,0.06682026386260986,0.016599866376054706,0.027831031940877438,0.042401786893606186,0.145479922182858,0.18269829079508781,0.2196156531572342,0.05738657976326067,0.06605903804302216,0.07306089252233505,0.06789630185812712,0.10327601432800293,0.1103595495223999
22,validation_seen_d4,xor,1,0,all_rows,0.02290206588804722,0.021570105105638504,0.0373363234102726,0.041378654539585114,0.05036409944295883,0.07199911773204803,0.9080255627632141,0.011008522473275661,False,0.014829097647551944,0.031451500952243805,0.06955298781394958,0.020380260448787754,0.04283668380230665,0.07814940065145493,0.5465940337056633,0.9688062071800232,1.3710243701934814,0.04224734283450909,0.09745513275265694,0.18024319410324097,0.03975748752534194,0.0742567926645279,0.1625910848379135,0.21218356606550515,0.2779274880886078,0.32183945178985596,0.07684755459195003,0.09404852986335754,0.10429365187883377,0.04268429783934897,0.09993140399456024,0.1345422863960266
22,validation_seen_d4,xor,1,0,cls_query,0.009762894362211227,0.009288782253861427,0.013680357486009598,0.01698317565023899,0.01936471089720726,0.02379879355430603,0.39453125,0.0,True,0.00944791814617929,0.01542903482913971,0.023530900478363037,0.013104001452120428,0.02029541926458478,0.026921672746539116,0.9679175827186555,1.1784420311450958,1.3710243701934814,0.013770072641818842,0.023068695794790983,0.04783603549003601,0.010204887275904184,0.015514247817918658,0.08761758357286453,0.21218356606550515,0.2774220481514931,0.32183945178985596,0.07684755459195003,0.09396930411458015,0.10429365187883377,0.011649532243609428,0.05180959403514862,0.07975965738296509
22,validation_seen_d4,xor,1,1,all_rows,0.005791425239294767,0.00507584773004055,0.00980687141418457,0.011654926463961601,0.01635662652552128,0.022390924394130707,0.09517045319080353,0.0,True,0.003197739996060343,0.008032813668251038,0.018770337104797363,0.004694971467953027,0.01205367874354124,0.03664254769682884,0.46411293106873264,0.7725935280323029,1.1503486633300781,0.010644213791444847,0.024722267407923937,0.07223720848560333,0.0360151595138053,0.0763960424810648,0.24558565020561218,0.12809750973246992,0.17307566106319427,0.19315572082996368,0.05130863483645953,0.06599607318639755,0.07392794638872147,0.004602903182702986,0.010319247841835022,0.012938499450683594
22,validation_seen_d4,xor,1,1,cls_query,0.007799527607858181,0.006836201995611191,0.01373149175196886,0.015965275466442108,0.018510188907384872,0.021860312670469284,0.25390625,0.0,True,0.005469938473652292,0.013431951403617859,0.018770337104797363,0.006797134294174612,0.01692261965945363,0.02827250398695469,0.6518984669819474,1.0125652551651,1.1503486633300781,0.010661326633453427,0.02587208990007639,0.04796520620584488,0.05514483195292996,0.14970340579748154,0.24558565020561218,0.12809750973246992,0.17205093428492546,0.19315572082996368,0.05130863483645953,0.06578165851533413,0.07392794638872147,0.007013070397078991,0.011138573288917542,0.012938499450683594
22,validation_seen_d4,copy,0,0,all_rows,0.11147833615541458,0.11233286559581757,0.14889106154441833,0.15827715396881104,0.1781909465789795,0.2264823168516159,1.0,0.9723011255264282,False,0.07621388788803332,0.13188759237527847,0.191879004240036,0.08822773187619698,0.14960239827632904,0.20616593956947327,0.516505314852111,0.8074179589748383,1.0118860006332397,0.1824046019190229,0.3094516173005104,0.4897214472293854,0.11147834345518443,0.15827716886997223,0.2264823019504547,0.6095808889949694,0.7047085165977478,0.7669157385826111,0.2082617586129345,0.23412340879440308,0.24722912907600403,0.11027734455737201,0.19477519392967224,0.25154006481170654
22,validation_seen_d4,copy,0,0,cls_query,0.08899667114019394,0.08671198785305023,0.14463239908218384,0.16110113263130188,0.18423768877983093,0.2115238457918167,1.0,0.796875,False,0.0621887143861386,0.1336771920323372,0.18931588530540466,0.07002298184670508,0.12980783730745316,0.16500446200370789,0.6852156419772655,0.9686524122953415,0.9788013696670532,0.11727375514965388,0.26175062358379364,0.3561597764492035,0.08899666854995303,0.1611011140048504,0.2115238755941391,0.6095808889949694,0.7032404989004135,0.7669157385826111,0.2082617586129345,0.23399638384580612,0.24722912907600403,0.10325065487995744,0.1529073268175125,0.19053959846496582
22,validation_seen_d4,copy,0,1,all_rows,0.01974250189960003,0.018810592591762543,0.029680199921131134,0.032765667885541916,0.038974713534116745,0.049513913691043854,0.9406960010528564,0.0,False,0.01071803560212588,0.022603489458560944,0.04082927107810974,0.012421880555683112,0.02350716572254896,0.037968412041664124,0.5396837991376576,0.7803720831871033,0.9075946807861328,0.02394040068942228,0.046676333993673325,0.09628215432167053,0.01974250138251095,0.03276565112173557,0.049513932317495346,0.13194208760978654,0.17157171666622162,0.210321843624115,0.055779964532121085,0.06580641865730286,0.07385387271642685,0.046791355379603126,0.09067082405090332,0.11549347639083862
22,validation_seen_d4,copy,0,1,cls_query,0.015472972765564919,0.014497987926006317,0.02272789366543293,0.026012757793068886,0.030172668397426605,0.03714853152632713,0.859375,0.0,False,0.008236464851506753,0.01542733609676361,0.02231532335281372,0.0111430825691059,0.02082144981250167,0.036237820982933044,0.6543071798514575,0.8595743477344513,0.9075946807861328,0.017973985202843323,0.03573593404144049,0.05840547755360603,0.015472973873329465,0.026012739166617393,0.03714855760335922,0.13194208760978654,0.17125042155385017,0.210321843624115,0.055779964532121085,0.06571978330612183,0.07385387271642685,0.06245621689595282,0.09778919816017151,0.10694026947021484
22,validation_seen_d4,copy,1,0,all_rows,0.029362864792346954,0.0269782654941082,0.04828493669629097,0.05393844097852707,0.06676129251718521,0.09792617708444595,0.9676846861839294,0.08167613297700882,False,0.02050255038085941,0.04870222508907318,0.07934117317199707,0.02256867859188622,0.052595533430576324,0.10869675129652023,0.6074602098881521,0.9684792309999466,1.3211090564727783,0.04141482329338363,0.10535692423582077,0.2727380096912384,0.05613053133811263,0.10847306996583939,0.2811676263809204,0.18866391779738478,0.30933529138565063,0.3859865069389343,0.0720997221651487,0.1011095643043518,0.119793601334095,0.0558564318343997,0.1066398173570633,0.13450050354003906
22,validation_seen_d4,copy,1,0,cls_query,0.02091870829463005,0.016381938010454178,0.042676813900470734,0.05501768738031387,0.06883257627487183,0.07327770441770554,0.75390625,0.06640625,False,0.018159117654249712,0.05501757562160492,0.07327783107757568,0.020559483109082066,0.054588726721704006,0.07236244529485703,0.9108213066356257,1.2351036965847015,1.3211090564727783,0.025987222617914085,0.07341194711625576,0.15164417028427124,0.04641051442240496,0.10460352152585983,0.1546168029308319,0.18866391779738478,0.3073522001504898,0.3859865069389343,0.0720997221651487,0.09966021589934826,0.119793601334095,0.06313326745294034,0.11404275894165039,0.1312609314918518
22,validation_seen_d4,copy,1,1,all_rows,0.005767692346125841,0.005326291546225548,0.00949731096625328,0.010975574143230915,0.013411305844783783,0.01676204428076744,0.07848011702299118,0.0,True,0.0033413555271925525,0.008374823024496436,0.015235185623168945,0.0037739630930259823,0.009553923737257719,0.020787984132766724,0.7299748045995578,1.0583685636520386,1.2016152143478394,0.005836393339005885,0.01563194114714861,0.05304594710469246,0.03190589301382054,0.07287475280463696,0.1356990486383438,0.10215142619563267,0.15202486515045166,0.21116343140602112,0.04076781047479017,0.055955249816179276,0.0688176155090332,0.004099823873151432,0.009623438119888306,0.01306772232055664
22,validation_seen_d4,copy,1,1,cls_query,0.00638054683804512,0.005970979109406471,0.009874613955616951,0.011777027510106564,0.013830918818712234,0.014055818319320679,0.09765625,0.0,True,0.004082483951606264,0.008877090644091368,0.012403309345245361,0.004695338823012207,0.011134492931887507,0.018308624625205994,0.7278146777534857,1.0655742585659027,1.132200002670288,0.0074390011686773505,0.02098815143108368,0.05304594710469246,0.036221062604454346,0.07642919383943081,0.12234901636838913,0.10215142619563267,0.15064123645424843,0.21116343140602112,0.04076781047479017,0.05521603301167488,0.0688176155090332,0.006479941541329026,0.011452704668045044,0.01274043321609497
33,test_heldout_d4,xor,0,0,all_rows,0.016600025817751884,0.015624485909938812,0.025878388434648514,0.029514582827687263,0.03588825464248657,0.05609283596277237,0.8366477489471436,0.0005326704704202712,False,0.00960361113745669,0.021057714521884915,0.04638835787773132,0.01029658858748338,0.020747261866927144,0.052038539201021194,0.41954189178861934,0.7009536743164062,1.0423475503921509,0.0259279025539482,0.05362892784178256,0.10690668970346451,0.01660002579650278,0.029514583200216292,0.05609280616044998,0.12060367333469912,0.1751059889793396,0.2103973776102066,0.05366903034155257,0.07219624519348145,0.08044197410345078,0.053341406429271127,0.1168834865093231,0.147658109664917
33,test_heldout_d4,xor,0,0,cls_query,0.015444401651620865,0.014391610398888588,0.025515105575323105,0.028084399178624153,0.03319849073886871,0.03885091096162796,0.736328125,0.0,False,0.008136989392369287,0.017374642193317413,0.027766942977905273,0.009234820163783297,0.01893545528873801,0.02533450722694397,0.3099341888737399,0.4082288801670074,0.47973179817199707,0.0314545033588729,0.07351174503564835,0.10690668970346451,0.015444402924913447,0.028084383998066186,0.03885092958807945,0.12060367333469912,0.17451988607645033,0.2103973776102066,0.05366903034155257,0.07218025140464306,0.08044197410345078,0.020004106336273253,0.0411645084619522,0.053423404693603516
33,test_heldout_d4,xor,0,1,all_rows,0.007388979196548462,0.006805750075727701,0.01112462393939495,0.01303522102534771,0.01783817820250988,0.025333605706691742,0.15198864042758942,0.0,True,0.004314731146719582,0.008100795745849607,0.017375826835632324,0.0050532860456914104,0.010857411008328198,0.023982355371117592,0.45733178163010796,0.9243706971406936,0.9262748956680298,0.012155670861995366,0.026618416700512165,0.05306550860404968,0.007388977530684893,0.013035263959318392,0.025333598256111145,0.1351952057739254,0.15177474915981293,0.1645086258649826,0.058464814705075696,0.06521610915660858,0.07033835351467133,0.009535817334174433,0.02144113779067993,0.030344069004058838
33,test_heldout_d4,xor,0,1,cls_query,0.006820910610258579,0.006785551086068153,0.008322443813085556,0.008715299889445305,0.009651310741901398,0.010591006837785244,0.005859375,0.0,True,0.00651471379751456,0.008608245849609375,0.010461866855621338,0.006597424014216813,0.008835500292479991,0.010862263850867748,0.9242122552823275,0.9260238140821457,0.9262748956680298,0.007139062722671952,0.009578065248206258,0.011793674901127815,0.006820890617746045,0.008715329319238662,0.010591006837785244,0.1351952057739254,0.1517615459859371,0.1645086258649826,0.058464814705075696,0.0651426762342453,0.07033835351467133,0.0013359544100239873,0.002301269769668579,0.0028249025344848633
33,test_heldout_d4,xor,1,0,all_rows,0.01491413451731205,0.01356559619307518,0.02299189195036888,0.027699366211891174,0.04400322958827019,0.060931336134672165,0.7533735632896423,0.0033735795877873898,False,0.00846932490842598,0.01891685575246811,0.060931265354156494,0.009504954393502307,0.020756662916392086,0.11714725196361542,0.46070240244311705,0.7275995463132858,1.2143362760543823,0.022435847165938452,0.07099213115870952,0.3856293261051178,0.01584879887960514,0.028759423363953825,0.06376934051513672,0.1464802549162414,0.19957533478736877,0.26392143964767456,0.04941241522465134,0.06332618743181229,0.08096010982990265,0.019340858995829793,0.04929168224334716,0.07105833292007446
33,test_heldout_d4,xor,1,0,cls_query,0.012399325147271156,0.011686578392982483,0.019467666745185852,0.022396333515644073,0.02758667804300785,0.03609955310821533,0.630859375,0.0,False,0.007149278942506498,0.01378423273563385,0.019486308097839355,0.0074176230552893685,0.01385971619747579,0.0218846183270216,0.5361726305854972,0.9275352209806439,1.2143362760543823,0.015642252335965168,0.03223574738949537,0.07128730416297913,0.013697854431029555,0.022724926099181173,0.0346907377243042,0.1464802549162414,0.19952388256788253,0.26392143964767456,0.04941241522465134,0.06318334974348545,0.08096010982990265,0.03546308551449329,0.05979790091514587,0.06607002019882202
33,test_heldout_d4,xor,1,1,all_rows,0.006453562993556261,0.005902819335460663,0.010463329032063484,0.012378371320664883,0.01602765917778015,0.02542291209101677,0.12340199202299118,0.0,True,0.0035720200091873267,0.0083359494805336,0.020305126905441284,0.004439934091997408,0.010643468331545591,0.029518822208046913,0.47853584034733515,0.8082999587059021,1.3252382278442383,0.010268942111539755,0.025724346563220025,0.06097482889890671,0.00837499277477863,0.016539283003658055,0.04758119955658913,0.10470571593759814,0.1564895361661911,0.20071597397327423,0.04215726651091245,0.05432760715484619,0.06434286385774612,0.006483532858758487,0.016188201308250428,0.023929834365844727
33,test_heldout_d4,xor,1,1,cls_query,0.008704107254743576,0.008208220824599266,0.012702279724180698,0.014405161142349243,0.017514118924736977,0.022823646664619446,0.23828125,0.0,True,0.004849924931704663,0.010169395804405212,0.018891632556915283,0.006644513001674568,0.014825079170987009,0.023990482091903687,0.5799685957026668,0.9067821770906448,1.0948492288589478,0.012576493568303704,0.02851529121398925,0.05983639508485794,0.012933335963680292,0.022141895070672036,0.03525616228580475,0.10470571593759814,0.15625078082084656,0.20071597397327423,0.04215726651091245,0.05430478025227785,0.06434286385774612,0.013905815314501524,0.020082995295524597,0.022918105125427246
33,test_heldout_d4,copy,0,0,all_rows,0.01645815372467041,0.015451483428478241,0.02657225728034973,0.03014160692691803,0.03584880754351616,0.04724455997347832,0.8100141882896423,0.0,False,0.009701624357024808,0.022156469523906704,0.047244489192962646,0.010137101011568202,0.02141409013420342,0.0405939556658268,0.42580295602039603,0.7316677182912825,1.075545310974121,0.02485994773343753,0.052056610584259026,0.10957906395196915,0.016458153215684102,0.030141606740653512,0.047244567424058914,0.11828161784796976,0.16991254687309265,0.2120674103498459,0.05228128279122757,0.06801972538232803,0.0797496885061264,0.052504499442875385,0.11844833195209503,0.14730513095855713
33,test_heldout_d4,copy,0,0,cls_query,0.012795151211321354,0.011987797915935516,0.02080485224723816,0.022721335291862488,0.026649603620171547,0.032484158873558044,0.619140625,0.0,False,0.006616667666094145,0.013219683617353437,0.021737992763519287,0.007608058265304862,0.015602785721421241,0.023716846480965614,0.31137752984068356,0.39536780416965484,0.4846425950527191,0.02533964292933888,0.054889845475554463,0.09773024916648865,0.01279515271926357,0.022721332125365732,0.03248412162065506,0.11828161784796976,0.1687377020716667,0.2120674103498459,0.05228128279122757,0.06800700165331364,0.0797496885061264,0.017142215045168996,0.03497389853000641,0.04609715938568115
33,test_heldout_d4,copy,0,1,all_rows,0.006446038372814655,0.0061158183962106705,0.009237181395292282,0.010625836439430714,0.01419771183282137,0.022129829972982407,0.06658380478620529,0.0,True,0.003804969203966638,0.007725222408771513,0.018565773963928223,0.0039020910654078925,0.007190452958457172,0.019512508064508438,0.34797525633555115,0.5829691439867019,0.9192581176757812,0.011845971472046751,0.022943493630737062,0.050597213208675385,0.0064460380941372105,0.010625815438106655,0.022129829972982407,0.10832424767431803,0.13643957674503326,0.1570933312177658,0.04350463805167237,0.05139550194144249,0.056542638689279556,0.010797014872712845,0.023232030868530273,0.030216574668884277
33,test_heldout_d4,copy,0,1,cls_query,0.006175793707370758,0.005891481414437294,0.00918208435177803,0.010109963826835155,0.011759735643863678,0.013403432443737984,0.056640625,0.0,True,0.0037120146280358313,0.007127100229263305,0.010303080081939697,0.003769436046241026,0.007568097324110567,0.010763217695057392,0.5009690370643511,0.7524883478879928,0.8425149917602539,0.007906443837782717,0.016463539376854897,0.027820471674203873,0.006175793895181414,0.010109963966533542,0.013403473421931267,0.10832424767431803,0.13628665432333945,0.1570933312177658,0.04350463805167237,0.05138851925730705,0.056542638689279556,0.015607860637828708,0.02496797442436218,0.0288124680519104
33,test_heldout_d4,copy,1,0,all_rows,0.017604030668735504,0.016037387773394585,0.02906002476811409,0.034510280936956406,0.04523440822958946,0.057610273361206055,0.8125,0.00390625,False,0.010825623406162777,0.02330154404044151,0.05611729621887207,0.012326947486165162,0.027602846641093488,0.08799673616886139,0.41919693171141925,0.6860890716314316,1.1850802898406982,0.03199976985487493,0.07665884010493752,0.30867329239845276,0.018623710592609397,0.03580603189766406,0.06527587026357651,0.13549367054656614,0.1820410192012787,0.24669966101646423,0.05190422535815742,0.06527169048786163,0.07873900234699249,0.019398467964492738,0.04637980759143829,0.07104992866516113
33,test_heldout_d4,copy,1,0,cls_query,0.015030529350042343,0.013721983879804611,0.023165510967373848,0.02584247849881649,0.03246742859482765,0.03978872299194336,0.8203125,0.0,False,0.0108189328602748,0.017578616738319397,0.028859078884124756,0.010832594907924431,0.01891012815758586,0.03174726292490959,0.5904103143548127,0.9581490755081177,1.1850802898406982,0.020845644015480502,0.042479541338980194,0.09421959519386292,0.017569705813002656,0.031643924489617344,0.04601583257317543,0.13549367054656614,0.18179328963160515,0.24669966101646423,0.05190422535815742,0.06513527818024158,0.07873900234699249,0.03319128125440329,0.048416379094123836,0.05966973304748535
33,test_heldout_d4,copy,1,1,all_rows,0.009507865644991398,0.008994776755571365,0.015535667538642883,0.017842568457126617,0.022624056786298752,0.03224828094244003,0.4216974377632141,0.0,True,0.006040345992046655,0.012951696664094924,0.023469209671020508,0.006589896062205402,0.014377092057839035,0.02787763811647892,0.5443501217841086,0.9524373710155487,1.3505686521530151,0.014476407440394145,0.03931749146431682,0.100560262799263,0.010837729657985372,0.020196966454386702,0.05004490166902542,0.16474564472446218,0.21831902861595154,0.2986942529678345,0.06274419667897746,0.07600483298301697,0.09578296542167664,0.006501737082461742,0.015900683403015134,0.024091243743896484
33,test_heldout_d4,copy,1,1,cls_query,0.008582621812820435,0.008415358141064644,0.01374494843184948,0.014972563832998276,0.016865191981196404,0.02015738934278488,0.34375,0.0,True,0.007587884625081642,0.014683640003204344,0.01937466859817505,0.008058103134089833,0.015654908539727327,0.022631702944636345,0.8531777883763425,1.2051080346107483,1.3505686521530151,0.009306724868793026,0.01706061139702797,0.023371757939457893,0.010840141156336358,0.021783600188791753,0.05004490166902542,0.16474564472446218,0.21779437661170958,0.2986942529678345,0.06274419667897746,0.07591793462634086,0.09578296542167664,0.00987311324570328,0.015108954906463622,0.018002688884735107
33,test_heldout_d8,xor,0,0,all_rows,0.019598890095949173,0.01863705925643444,0.02899770811200142,0.03239601477980614,0.03906718268990517,0.054792776703834534,0.944531261920929,0.0002604166802484542,False,0.009738487895053065,0.021882653236389157,0.03985720872879028,0.010435732389153903,0.01999523127451538,0.04654586315155029,0.4189640257992627,0.6537773936986921,0.9880056381225586,0.0261501514222194,0.05083653070032596,0.14335741102695465,0.01959889036822157,0.0323960285633802,0.05479278415441513,0.12831645255209878,0.16548006236553192,0.21652953326702118,0.05306846390158171,0.06406328082084656,0.07378406077623367,0.06262572696432471,0.136518657207489,0.1692671775817871
33,test_heldout_d8,xor,0,0,cls_query,0.01635131984949112,0.016204312443733215,0.023877982050180435,0.026499666273593903,0.03021341934800148,0.03432786092162132,0.859375,0.0,False,0.006935171699296916,0.013208336383104324,0.020770475268363953,0.008869963571214612,0.016714198049157858,0.025418885052204132,0.31184312267578207,0.40507255792617797,0.497955322265625,0.030586255054913636,0.06732209660112858,0.11085031181573868,0.01635132143746887,0.026499676797538993,0.03432784974575043,0.12831645255209878,0.16511485651135444,0.21652953326702118,0.05306846390158171,0.0640468567609787,0.07378406077623367,0.022671310463920236,0.0400234580039978,0.04679232835769653
33,test_heldout_d8,xor,0,1,all_rows,0.0073252455331385136,0.006637198850512505,0.011271648108959198,0.013680088333785534,0.017692571505904198,0.026191312819719315,0.150390625,0.0,True,0.003433234327834119,0.007298278808593742,0.017523884773254395,0.004565578513893343,0.011393402423709613,0.024965127930045128,0.3912572068045847,0.9172288835048675,0.9252800345420837,0.012717968591823592,0.028392145223915546,0.06282126158475876,0.007325244550429488,0.013680088706314548,0.02619132213294506,0.125198639172595,0.14311127364635468,0.16480815410614014,0.05032021133956732,0.0561368390917778,0.060989879071712494,0.010482444676260154,0.02703374922275543,0.03580176830291748
33,test_heldout_d8,xor,0,1,cls_query,0.005826970562338829,0.005671358667314053,0.0075043137185275555,0.008219844661653042,0.008924636989831924,0.010629952885210514,0.001953125,0.0,True,0.004840658217744931,0.007496878504753113,0.009896516799926758,0.004808205379276842,0.007465520477853715,0.009757737629115582,0.919275401160121,0.92409847676754,0.9252800345420837,0.005234437246144807,0.008181559666991235,0.010767507366836071,0.005826952329698543,0.008219860726967454,0.010629982687532902,0.125198639172595,0.14276337698101996,0.16480815410614014,0.05032021133956732,0.05611678026616573,0.060989879071712494,0.0034981700591742992,0.00594978928565979,0.00753253698348999
33,test_heldout_d8,xor,1,0,all_rows,0.014778737910091877,0.013675571419298649,0.022229298949241638,0.026010697707533836,0.0373355895280838,0.061943214386701584,0.7838541865348816,0.0020833334419876337,False,0.00685873965655143,0.014081838726997342,0.05882018804550171,0.008507356691416135,0.01699450183659791,0.09578017890453339,0.44647239038604314,0.6668748676776886,1.1692616939544678,0.021326820840931758,0.05470916610211133,0.3502260744571686,0.01564512909832653,0.027335531730204816,0.06859884411096573,0.1455792188353371,0.18888260424137115,0.23056694865226746,0.04440916623570956,0.053878746926784515,0.06212656572461128,0.0192272996607547,0.04943320453166957,0.08126711845397949
33,test_heldout_d8,xor,1,0,cls_query,0.012527598068118095,0.01184220053255558,0.01782546006143093,0.02062094584107399,0.026256421580910683,0.03074450045824051,0.70703125,0.0,False,0.00591708288720838,0.011394226551055908,0.017034441232681274,0.007096292908045143,0.012542998185381293,0.023130441084504128,0.4879986800660845,0.8061763703823089,1.1692616939544678,0.016208437563136613,0.034364717081189156,0.06147276610136032,0.014360586736074765,0.022221140377223492,0.030892759561538696,0.1455792188353371,0.18785723149776457,0.23056694865226746,0.04440916623570956,0.05380524229258299,0.06212656572461128,0.03991888731252402,0.0629344493150711,0.07894176244735718
33,test_heldout_d8,xor,1,1,all_rows,0.00676578376442194,0.006503695622086525,0.0104187848046422,0.011695628985762596,0.014743809588253498,0.02155698463320732,0.123046875,0.0,True,0.00297066871065302,0.006564876437187194,0.01675829291343689,0.004236448270163843,0.009113049600273355,0.020913798362016678,0.4364257834754729,0.7332708150148392,1.168850302696228,0.01105937100844585,0.026718895230442272,0.06769867986440659,0.008860269617071027,0.015884134732186778,0.039361126720905304,0.11115459961001761,0.15126027166843414,0.18748259544372559,0.0391563927551033,0.04835086688399315,0.056405045092105865,0.007001578497389953,0.016486436128616333,0.026899874210357666
33,test_heldout_d8,xor,1,1,cls_query,0.008945519104599953,0.008528109639883041,0.012184691615402699,0.013752665370702744,0.017597729340195656,0.021472834050655365,0.259765625,0.0,True,0.0041640062477199535,0.007997234165668487,0.01675829291343689,0.006128848435082546,0.012646690942347048,0.020913798362016678,0.5067499165888876,0.7904648333787918,0.9507254362106323,0.013112018773426826,0.02794497301802039,0.06132820248603821,0.01298940191827569,0.021196419093757864,0.03360927850008011,0.11115459961001761,0.15091644003987312,0.18748259544372559,0.0391563927551033,0.04833722934126854,0.056405045092105865,0.014487319393083453,0.02133191525936127,0.026899874210357666
33,test_heldout_d8,copy,0,0,all_rows,0.020065713673830032,0.01909080147743225,0.03069089725613594,0.03418855369091034,0.040732964873313904,0.05464298650622368,0.939453125,0.0007812500116415322,False,0.01018754572769467,0.02434593141078947,0.04671818017959595,0.010642737701558266,0.020820282213389867,0.055309638381004333,0.41883426089189013,0.6422039300203319,1.0525001287460327,0.026419580499926574,0.05165851712226867,0.1367012858390808,0.02006571246799164,0.03418853543698787,0.054642967879772186,0.12708178478351329,0.16371460258960724,0.18690791726112366,0.05229475632950198,0.06256932765245438,0.06965078413486481,0.06170357358641922,0.13675045073032377,0.16767668724060059
33,test_heldout_d8,copy,0,0,cls_query,0.0143613675609231,0.014003438875079155,0.020942850038409233,0.022891266271471977,0.026692485436797142,0.03297384828329086,0.78515625,0.0,False,0.005977001099381596,0.010502095520496368,0.015467524528503418,0.0075671050694836595,0.014600653853267429,0.021419255062937737,0.3093743791396264,0.3927960380911827,0.4373638331890106,0.025824561423632986,0.058186502940952775,0.08721551299095154,0.014361368286699872,0.022891274094581603,0.03297383338212967,0.12708178478351329,0.1634224198758602,0.18690791726112366,0.05229475632950198,0.06242369934916496,0.06965078413486481,0.01971117570064962,0.03426028192043304,0.04342079162597656
33,test_heldout_d8,copy,0,1,all_rows,0.00649277213960886,0.006241989322006702,0.008992970921099186,0.009918414987623692,0.0131498659029603,0.019467905163764954,0.04765624925494194,0.0,True,0.003063480917110913,0.005834421515464781,0.015933096408843994,0.0036885004383104083,0.0065240262076258606,0.01874835044145584,0.31191483900959915,0.5052897870540618,1.0054117441177368,0.012448800442219484,0.02286340873688459,0.04300753027200699,0.006492771932092485,0.00991841931827366,0.019467879086732864,0.1102580365841277,0.1358066201210022,0.14947736263275146,0.04065248635379248,0.046637848019599915,0.051942434161901474,0.011062776041217148,0.022770678997039794,0.0351337194442749
33,test_heldout_d8,copy,0,1,cls_query,0.007714687846601009,0.007386428769677877,0.010505457408726215,0.01203199289739132,0.014504453167319298,0.016780057922005653,0.130859375,0.0,True,0.004053456158544577,0.007002842426300048,0.012291014194488525,0.0048121115310095774,0.008358203945681451,0.011693255975842476,0.5215258464741055,0.8636394619941711,1.0054117441177368,0.009484261260695348,0.01588744465261698,0.030683794990181923,0.007714687386851438,0.01203202437609434,0.016780022531747818,0.1102580365841277,0.1356583446264267,0.14947736263275146,0.04065248635379248,0.046544290706515314,0.051942434161901474,0.017336816643364727,0.02685541808605194,0.032988131046295166
33,test_heldout_d8,copy,1,0,all_rows,0.01662583462893963,0.015295037068426609,0.026974517852067947,0.031509336084127426,0.040415167808532715,0.05675412714481354,0.801953136920929,0.0006510416860692203,False,0.008100990801843485,0.016935574263334266,0.047872960567474365,0.01004525594654903,0.020206554885953666,0.07638184726238251,0.4080566607590299,0.6426915287971496,1.1492961645126343,0.027047948437090477,0.06123379208147519,0.2578026056289673,0.01756186506039133,0.032814167439937585,0.06694475561380386,0.13905927891028114,0.1821255087852478,0.22957590222358704,0.047156861575786024,0.05565844476222992,0.06843765825033188,0.019968330774766705,0.05007532835006706,0.08207768201828003
33,test_heldout_d8,copy,1,0,cls_query,0.014507057145237923,0.013687454164028168,0.020060570910573006,0.023558536544442177,0.028435342013835907,0.040852006524801254,0.837890625,0.0,False,0.008417729223310744,0.014006204903125763,0.02959883213043213,0.009039234254032635,0.015209989482536912,0.02311132848262787,0.5352184476505499,0.8591966629028319,1.1492961645126343,0.018659239390217408,0.03423370569944382,0.06500817835330963,0.017540943489620986,0.030431728158146133,0.04240681976079941,0.13905927891028114,0.1821157969534397,0.22957590222358704,0.047156861575786024,0.05547972247004509,0.06843765825033188,0.0394134265370667,0.05860508978366851,0.06995677947998047
33,test_heldout_d8,copy,1,1,all_rows,0.009053456597030163,0.008784163743257523,0.013968312181532383,0.015695342794060707,0.019173989072442055,0.02656787633895874,0.3707031309604645,0.0,True,0.0047716566315102685,0.0100116416811943,0.023286819458007812,0.005628024369654364,0.011931638559326524,0.02907440811395645,0.4755498002651924,0.8201510757207867,1.335074782371521,0.0141223458486517,0.03549567777663467,0.09163253009319305,0.010606128745742656,0.018757192976772776,0.04488741606473923,0.16523372444498818,0.2128458470106125,0.2560904920101166,0.05523996077681659,0.06574803590774536,0.07599542289972305,0.006933485964934031,0.01570946872234344,0.02820432186126709
33,test_heldout_d8,copy,1,1,cls_query,0.009826384484767914,0.009453844279050827,0.015008577145636082,0.01687704771757126,0.019810039550065994,0.022116880863904953,0.458984375,0.0,True,0.007767471867282438,0.015083634853363035,0.022100508213043213,0.008483859705847863,0.015695027587935326,0.023872381076216698,0.7060054022585973,1.1143439650535583,1.335074782371521,0.01265011094392321,0.023743802867829795,0.04493595287203789,0.012748484512940195,0.024615890998393297,0.04488741606473923,0.16523372444498818,0.21142196133732793,0.2560904920101166,0.05523996077681659,0.06561131216585636,0.07599542289972305,0.010608763666823506,0.017528948187828065,0.02178633213043213
33,test_seen_d4,xor,0,0,all_rows,0.016317063942551613,0.015405608341097832,0.025496244430541992,0.028862202540040016,0.03492220491170883,0.047893960028886795,0.8277698755264282,0.0,False,0.009303717265662603,0.020380921661853787,0.04203355312347412,0.010193941464256734,0.02031579669564962,0.04577255994081497,0.4250910987532486,0.7281510323286057,1.040257453918457,0.025460921391289627,0.05231339745223522,0.1119631677865982,0.01631706421209277,0.028862213157117365,0.047893960028886795,0.11854760799906217,0.16639286279678345,0.20073875784873962,0.052521465986501426,0.0658293068408966,0.07660067081451416,0.053459238885393875,0.11751141250133515,0.14752453565597534
33,test_seen_d4,xor,0,0,cls_query,0.014820069074630737,0.013743199408054352,0.024276623502373695,0.02764086239039898,0.03344832733273506,0.039670102298259735,0.705078125,0.0,False,0.007820657025149558,0.01666281223297119,0.023350059986114502,0.009247773897413936,0.018027537129819395,0.025244932621717453,0.32197639939840883,0.4144894406199455,0.48336872458457947,0.030463768676327163,0.06636239178478717,0.1119631677865982,0.014820071135545732,0.02764084236696362,0.03967011719942093,0.11854760799906217,0.16638242155313493,0.20073875784873962,0.052521465986501426,0.06579257808625698,0.07660067081451416,0.019902007770724595,0.037769952416419984,0.04885762929916382
33,test_seen_d4,xor,0,1,all_rows,0.007374559063464403,0.0068064117804169655,0.011152107268571854,0.01349675189703703,0.0172174833714962,0.02389412373304367,0.15909090638160706,0.0,True,0.0042924338774190055,0.008162259776145214,0.015711188316345215,0.004986854664779953,0.01118183503858745,0.022433578968048096,0.45729967574218544,0.9241594135761261,0.9261788725852966,0.012014236385518663,0.026610704418271774,0.07504573464393616,0.00737455649906141,0.013496724842116236,0.023894120007753372,0.1360006281902315,0.15295355021953583,0.16811701655387878,0.058520874066744,0.06607472151517868,0.06996412575244904,0.009605617230673406,0.02324483394622802,0.030744850635528564
33,test_seen_d4,xor,0,1,cls_query,0.006924295797944069,0.006865892559289932,0.008504997007548809,0.009155009873211384,0.010049154050648212,0.010166063904762268,0.013671875,0.0,True,0.006560071596595662,0.008942866325378418,0.010166049003601074,0.006639273872679041,0.00913561899214983,0.01051107607781887,0.9240929485531524,0.9258993089199066,0.9261788725852966,0.007185312869296467,0.009924818202853203,0.011377174407243729,0.006924274305674771,0.009154934296384453,0.010166093707084656,0.1360006281902315,0.15292984023690223,0.16811701655387878,0.058520874066744,0.06606422699987888,0.06996412575244904,0.0013796748826280236,0.002348372340202331,0.0028444528579711914
33,test_seen_d4,xor,1,0,all_rows,0.015412597917020321,0.014045330695807934,0.02430836297571659,0.028842924162745476,0.03948080167174339,0.05109599977731705,0.7901278138160706,0.00017755682347342372,False,0.008650008451860975,0.02053176984190941,0.04728055000305176,0.009165006922206554,0.022882396727800354,0.07145164906978607,0.4629989118495194,0.7071414202451706,1.0588122606277466,0.021899701113914653,0.06994704492390155,0.20084550976753235,0.016273937324843824,0.029879625327885143,0.05235595256090164,0.14625871609314345,0.1855553239583969,0.2278974950313568,0.04986652951629367,0.06112416833639145,0.06966052949428558,0.019485353026539087,0.05164231061935423,0.06982147693634033
33,test_seen_d4,xor,1,0,cls_query,0.013348797336220741,0.012504609301686287,0.02095237746834755,0.02438756823539734,0.03165889531373978,0.03583851829171181,0.673828125,0.0,False,0.008228785305618658,0.016688151657581324,0.031979650259017944,0.00782923734823271,0.014879058394581078,0.02423931285738945,0.5474270780396182,0.8890115737915039,1.0588122606277466,0.015819683753079516,0.0307971416041255,0.07143459469079971,0.014526315684634028,0.026115836855024097,0.03301128000020981,0.14625871609314345,0.18537356108427047,0.2278974950313568,0.04986652951629367,0.061071484722197054,0.06966052949428558,0.03958812588825822,0.062399283051490784,0.06982147693634033
33,test_seen_d4,xor,1,1,all_rows,0.0065410020761191845,0.005988948978483677,0.01075695175677538,0.012893272563815117,0.017048131674528122,0.029300600290298462,0.1310369372367859,0.0,True,0.0036231649004011242,0.008562725782394406,0.02428707480430603,0.004580388035321903,0.01122137433849275,0.030479351058602333,0.4864358051299033,0.8309386312961577,1.2557424306869507,0.010570961170091405,0.02697746828198432,0.13347740471363068,0.008656302039278009,0.017162690218538043,0.05272560939192772,0.10708052903646603,0.1673722267150879,0.25648200511932373,0.042765565594891086,0.05690370127558708,0.08118017762899399,0.006334143701348115,0.015724480152130127,0.02349168062210083
33,test_seen_d4,xor,1,1,cls_query,0.008934935554862022,0.008186805993318558,0.01296605821698904,0.015623482875525951,0.019385352730751038,0.029300600290298462,0.267578125,0.0,True,0.004927322861249195,0.010875427722930908,0.02428707480430603,0.007065330787781932,0.015834525227546692,0.030479351058602333,0.5972543099487666,0.910511702299118,1.148685097694397,0.013564351876539149,0.03516810853034258,0.13347740471363068,0.013284331692830165,0.02345701651647687,0.0416855551302433,0.10708052903646603,0.16727511659264566,0.25648200511932373,0.042765565594891086,0.056746529415249825,0.08118017762899399,0.013663253164850175,0.019620275497436522,0.023451626300811768
33,test_seen_d4,copy,0,0,all_rows,0.016366640105843544,0.015340633690357208,0.026157166808843613,0.029330193996429443,0.035935595631599426,0.04920342564582825,0.8116121888160706,0.0,False,0.00941935500412166,0.0216691181063652,0.04485732316970825,0.00994870176493185,0.02056032847613096,0.04771771654486656,0.4270959650510287,0.7344127297401427,1.0780476331710815,0.02428042016737725,0.04958514068275689,0.10416858643293381,0.01636664047427158,0.029330214019864798,0.04920339584350586,0.11669263523072004,0.16328488290309906,0.2002333253622055,0.05151021393976407,0.06526235491037369,0.07619723677635193,0.05232159192250534,0.11843838095664976,0.1461448073387146
33,test_seen_d4,copy,0,0,cls_query,0.012782204896211624,0.012238425202667713,0.020859871059656143,0.023168005049228668,0.028210477903485298,0.03215070441365242,0.63671875,0.0,False,0.006566286727320403,0.012697742134332656,0.02154451608657837,0.007722536913888689,0.0157773888669908,0.025197217240929604,0.31886114305234514,0.39644068479537964,0.4824357330799103,0.025126475941760873,0.05523649975657463,0.1005617007613182,0.012782205771145527,0.02316802106797695,0.032150715589523315,0.11669263523072004,0.16317312717437743,0.2002333253622055,0.05151021393976407,0.06518754921853542,0.07619723677635193,0.01688963663764298,0.031907951831817626,0.0413779616355896
33,test_seen_d4,copy,0,1,all_rows,0.006352242548018694,0.005990444682538509,0.009218474850058556,0.010429984889924526,0.013653412461280823,0.020780928432941437,0.06605113297700882,0.0,True,0.003659172020351517,0.0072216689586639396,0.017682552337646484,0.0037988783430529856,0.00711729957256466,0.018687330186367035,0.3549549435582859,0.601169067621231,0.9342907071113586,0.01128158285097346,0.02185481693595647,0.045215751975774765,0.0063522418658356564,0.010429986799135803,0.02078092470765114,0.10662208283611108,0.1370915174484253,0.16975046694278717,0.0430290326839895,0.05098149552941322,0.05561250075697899,0.01081260423895649,0.023516604304313658,0.030268192291259766
33,test_seen_d4,copy,0,1,cls_query,0.006349958013743162,0.0059463814832270145,0.00931818038225174,0.010109664872288704,0.01219817716628313,0.014000303111970425,0.05859375,0.0,True,0.003718079007740016,0.0070539250969886775,0.010872066020965576,0.0039212478150147945,0.007704217755235732,0.011098922230303288,0.5140206223877613,0.7637040078639984,0.8332688212394714,0.007912038502581709,0.015945209842175245,0.023284772410988808,0.006349956660415046,0.010109679121524096,0.014000271447002888,0.10662208283611108,0.13704930171370505,0.16975046694278717,0.0430290326839895,0.05092912130057812,0.05561250075697899,0.01587493938859552,0.025106868147850035,0.02760934829711914
33,test_seen_d4,copy,1,0,all_rows,0.01756872422993183,0.01641875132918358,0.028292693197727203,0.03279624879360199,0.042016830295324326,0.05386911332607269,0.8304332494735718,0.0005326704704202712,False,0.010293608683778903,0.02129312753677368,0.05257558822631836,0.011339312991140105,0.023368999082595106,0.06358309835195541,0.4234732437709516,0.6932016193866728,1.1288001537322998,0.02901623248610783,0.06517545506358147,0.18165986239910126,0.01844546755893878,0.03365473318845034,0.05532161146402359,0.1354041024169419,0.18217836320400238,0.22302721440792084,0.05171148142835591,0.06450535356998444,0.07320602983236313,0.018922235700301826,0.04480022192001343,0.06962138414382935
33,test_seen_d4,copy,1,0,cls_query,0.015984728932380676,0.014903420582413673,0.023520080372691154,0.027497297152876854,0.03583251312375069,0.04633796215057373,0.888671875,0.0,False,0.011120889846552018,0.018469619750976562,0.03277456760406494,0.010898091685703548,0.018677375838160513,0.0329095758497715,0.5679812590242364,0.9473823666572571,1.1288001537322998,0.02154593928344184,0.042042988352477544,0.0719086229801178,0.018839639654288476,0.03391406890004873,0.048441287130117416,0.1354041024169419,0.18190244883298873,0.22302721440792084,0.05171148142835591,0.06434620656073094,0.07320602983236313,0.03272437071427703,0.04706906974315643,0.06006979942321777
33,test_seen_d4,copy,1,1,all_rows,0.009571049362421036,0.009021123871207237,0.01572585478425026,0.01814536564052105,0.02375989407300949,0.03467881307005882,0.4158380627632141,0.0,True,0.006078664526367819,0.012969504296779632,0.029880046844482422,0.006583643311025547,0.014519276609644291,0.027874384075403214,0.5606224094385239,1.0231065809726714,1.3838486671447754,0.014237337105617537,0.038508135639131066,0.1274774670600891,0.010726286209278029,0.02066351640969514,0.04612790793180466,0.16367447779339273,0.22067463397979736,0.28323817253112793,0.0624948506228975,0.07742418348789215,0.09373956173658371,0.006520218110050668,0.015754026174545285,0.02317631244659424
33,test_seen_d4,copy,1,1,cls_query,0.008033091202378273,0.00755697675049305,0.012552361004054546,0.014205994084477425,0.016634635627269745,0.01948048733174801,0.283203125,0.0,True,0.007009244883647625,0.013913151621818541,0.019091010093688965,0.007537717985201198,0.01477668615989387,0.0201847106218338,0.8880941715615336,1.2552069425582886,1.3838486671447754,0.008426053473385764,0.015517642488703132,0.02214428223669529,0.010335904526982631,0.022874476667493576,0.03407632187008858,0.16367447779339273,0.2202972576022148,0.28323817253112793,0.0624948506228975,0.07735161930322647,0.09373956173658371,0.01015233329962939,0.015148597955703735,0.01827716827392578
33,test_seen_d8,xor,0,0,all_rows,0.01950809359550476,0.018634073436260223,0.028893249109387398,0.03253250569105148,0.0396769717335701,0.050656504929065704,0.9390624761581421,0.0002604166802484542,False,0.009518361391049742,0.021323043107986446,0.04255157709121704,0.010512754978246145,0.020224792789667843,0.049266040325164795,0.41434994460238767,0.6515863090753554,1.0203121900558472,0.02690681296977952,0.05393866356462238,0.1161111518740654,0.019508094137745503,0.0325324987992644,0.05065649002790451,0.12527076290280093,0.1581365466117859,0.18650425970554352,0.05211235233582556,0.061794087290763855,0.0683765560388565,0.06273728498878578,0.13695847094058988,0.16984939575195312
33,test_seen_d8,xor,0,0,cls_query,0.016118813306093216,0.015581055544316769,0.024320190772414207,0.02715463750064373,0.03207167610526085,0.0396549329161644,0.8203125,0.0,False,0.007074929217196768,0.013862545788288116,0.0238913893699646,0.009074101674741542,0.01813811343163252,0.029705576598644257,0.30879356266814284,0.40527550876140594,0.47035765647888184,0.03235899916944618,0.07725316658616066,0.1161111518740654,0.016118813462526305,0.027154627442359924,0.03965490683913231,0.12527076290280093,0.15810581296682358,0.18650425970554352,0.05211235233582556,0.06168789435178041,0.0683765560388565,0.02192859654314816,0.03897954225540161,0.04665166139602661
33,test_seen_d8,xor,0,1,all_rows,0.007436652667820454,0.006647505797445774,0.011641765013337135,0.014137767255306244,0.018220912665128708,0.023394305258989334,0.16041666269302368,0.0,True,0.003461288201924617,0.007392218708991988,0.01685720682144165,0.004611796882909402,0.011754154739901419,0.02301918901503086,0.39514768513229986,0.9177989661693573,0.9251903891563416,0.012666723335678398,0.028126858454197646,0.07003099471330643,0.007436650645983415,0.014137787185609324,0.023394251242280006,0.12574727150786202,0.14285218715667725,0.16289754211902618,0.05060795144527219,0.05614132061600685,0.05977844074368477,0.010739433400643369,0.027380135655403138,0.0358540415763855
33,test_seen_d8,xor,0,1,cls_query,0.005877120885998011,0.005688895471394062,0.007620726712048054,0.008357706479728222,0.009683852083981037,0.010148981586098671,0.00390625,0.0,True,0.004819362798571092,0.00748346745967865,0.010003089904785156,0.004783563693308679,0.007367305643856526,0.010451271198689938,0.9192920456407592,0.9236262112855911,0.9251903891563416,0.005207731686368788,0.008055864600464702,0.011445343494415283,0.005877100169982441,0.008357722591608762,0.010149011388421059,0.12574727150786202,0.14280454590916633,0.16289754211902618,0.05060795144527219,0.05609686952084303,0.05977844074368477,0.003515332005918026,0.006143930554389954,0.007712960243225098
33,test_seen_d8,xor,1,0,all_rows,0.015234398655593395,0.014149469323456287,0.023532932624220848,0.026858346536755562,0.03383249789476395,0.049934230744838715,0.8065103888511658,0.0,False,0.006962394970832975,0.014523121714591978,0.04177731275558472,0.008304342489179817,0.017076103016734113,0.059830717742443085,0.44540184845682235,0.6811394274234771,1.0303263664245605,0.020795562141984192,0.053386365808546526,0.20530098676681519,0.016162871558844927,0.028451160620897985,0.05497752130031586,0.14621925621759146,0.18766573071479797,0.22120027244091034,0.044895543054735754,0.05386141315102577,0.06145381182432175,0.01938981144533803,0.05069513320922848,0.08320778608322144
33,test_seen_d8,xor,1,0,cls_query,0.01340467855334282,0.012539790943264961,0.019714197143912315,0.022272948175668716,0.02815709263086319,0.032099492847919464,0.76953125,0.0,False,0.006980366714287811,0.013741536438465117,0.020599156618118286,0.007550245141374035,0.014190430846065282,0.023430077359080315,0.4949926721455995,0.8005847811698913,1.0303263664245605,0.017055756491572538,0.03645786326378584,0.07100022584199905,0.015067373250531091,0.025034989975392816,0.03211977332830429,0.14621925621759146,0.18743424490094185,0.22120027244091034,0.044895543054735754,0.05369015913456678,0.06145381182432175,0.04574225039687008,0.07099766135215758,0.08121734857559204
33,test_seen_d8,xor,1,1,all_rows,0.006979385856539011,0.0066275037825107574,0.010927262715995312,0.012492341920733452,0.016209954395890236,0.031195461750030518,0.1458333283662796,0.0,True,0.003168945041746459,0.007170282304286956,0.020629078149795532,0.0044839898723087876,0.010217207344248889,0.02565755695104599,0.4376521983135414,0.7515082150697703,1.2680639028549194,0.011636629770100626,0.028308302536606777,0.084492027759552,0.009185680220646949,0.016969339083880184,0.04256754368543625,0.11282827431568876,0.15821045637130737,0.21148069202899933,0.0395393735889229,0.04974285140633583,0.059986211359500885,0.0069932051080589495,0.01690570712089538,0.027942419052124023
33,test_seen_d8,xor,1,1,cls_query,0.009101273491978645,0.00861898623406887,0.012582099065184593,0.013920199126005173,0.01701684668660164,0.022861415520310402,0.306640625,0.0,True,0.004420949742097946,0.009005334973335265,0.015173763036727905,0.006524828993860865,0.013856930751353498,0.02330651879310608,0.5134745775139891,0.8192583799362183,0.9959164261817932,0.014313020009922184,0.03410342298448086,0.06844025105237961,0.01320397763265646,0.023287906683981417,0.031025925651192665,0.11282827431568876,0.15784806981682778,0.21148069202899933,0.0395393735889229,0.04973683785647154,0.059986211359500885,0.0145674740197137,0.02228686511516571,0.027942419052124023
33,test_seen_d8,copy,0,0,all_rows,0.020164182409644127,0.019165124744176865,0.030557099729776382,0.034474555402994156,0.04130740463733673,0.05576866492629051,0.9420573115348816,0.0005208333604969084,False,0.01022283481732605,0.024369730055332172,0.04512298107147217,0.010855336763855424,0.02142376294359565,0.0521264411509037,0.42070369639550337,0.66856532394886,1.0501309633255005,0.027011456145980144,0.053313937038183185,0.11816634982824326,0.02016418135826825,0.03447456061840056,0.055768709629774094,0.12726402185217012,0.15888160467147827,0.20317164063453674,0.0520574597758241,0.061330270022153854,0.06698007881641388,0.06199982148439934,0.13787491023540496,0.16958963871002197
33,test_seen_d8,copy,0,0,cls_query,0.014134242199361324,0.013612596318125725,0.021472780033946037,0.02501533180475235,0.028092775493860245,0.032882027328014374,0.724609375,0.0,False,0.0061556322034448385,0.011729418486356735,0.01730358600616455,0.007968166241425934,0.01686260085552931,0.02257724665105343,0.3062509674637113,0.39469549208879473,0.4361903965473175,0.028130193099059397,0.06881155408918857,0.0917016938328743,0.014134241508145351,0.02501534651964903,0.032882023602724075,0.12726402185217012,0.15864322632551192,0.20317164063453674,0.0520574597758241,0.06129153948277235,0.06698007881641388,0.01987593714147806,0.03623116314411163,0.041274309158325195
33,test_seen_d8,copy,0,1,all_rows,0.0064747529104352,0.006215734872967005,0.008936439640820026,0.009886723011732101,0.013107935898005962,0.021583519876003265,0.04648437350988388,0.0,True,0.0030174919294343756,0.005564197897911061,0.017841458320617676,0.0036875454998607895,0.006440976145677267,0.019509242847561836,0.3141695604174553,0.5060138791799543,1.0093402862548828,0.012308571330489333,0.02242662804201243,0.04477478936314583,0.006474751835109298,0.00988669185899198,0.021583519876003265,0.1105876190122217,0.1372184306383133,0.15069057047367096,0.04066027884618961,0.046616047620773315,0.051014211028814316,0.011057176906615496,0.02297547161579131,0.035685718059539795
33,test_seen_d8,copy,0,1,cls_query,0.0078688133507967,0.007553239353001118,0.010923389345407486,0.012073874473571777,0.014589463360607624,0.01653570681810379,0.138671875,0.0,True,0.0041251169727729575,0.0071541845798492425,0.01135331392288208,0.004969575661561976,0.008220640523359178,0.011602125130593777,0.521029553405242,0.8741855442523956,1.0093402862548828,0.009827317277540715,0.015805039554834362,0.020508646965026855,0.007868809937008336,0.012073883041739463,0.016535740345716476,0.1105876190122217,0.13712173849344253,0.15069057047367096,0.04066027884618961,0.04657055772840977,0.051014211028814316,0.017331585753709078,0.027254942059516903,0.03148818016052246
33,test_seen_d8,copy,1,0,all_rows,0.01692034676671028,0.015475263819098473,0.027543291449546814,0.032079193741083145,0.040943946689367294,0.05570776015520096,0.8145833611488342,0.0013020833721384406,False,0.008081031727821633,0.01649934574961661,0.052846431732177734,0.009823803411397119,0.019667102582752706,0.07846968621015549,0.41478494042142605,0.64910691678524,1.1142724752426147,0.02589267032741797,0.05714152064174413,0.2665920555591583,0.017816141674362976,0.033036860078573205,0.05695342272520065,0.13980669682496227,0.1846541315317154,0.239872008562088,0.047294284478994086,0.056609146296978,0.06799120455980301,0.019939634126300614,0.04992149770259855,0.0795971155166626
33,test_seen_d8,copy,1,0,cls_query,0.014914233237504959,0.0142075689509511,0.020637497305870056,0.02352159284055233,0.031182335689663887,0.034106962382793427,0.888671875,0.0,False,0.008855376102928858,0.014520615339279171,0.02218756079673767,0.009200021660944913,0.01590997036546469,0.02119903638958931,0.5369984008430038,0.8561199873685835,1.1142724752426147,0.018758056319256866,0.03474530261009931,0.05140277370810509,0.01768093403097737,0.03097741762176156,0.042349137365818024,0.13980669682496227,0.18442683368921278,0.239872008562088,0.047294284478994086,0.05655347947031259,0.06799120455980301,0.040231402264907956,0.06113285422325134,0.07312685251235962
33,test_seen_d8,copy,1,1,all_rows,0.009104740805923939,0.008841417729854584,0.014021940529346466,0.015863658860325813,0.0193947721272707,0.028957191854715347,0.3799479305744171,0.0,True,0.00477693614607233,0.009941451251506802,0.021772444248199463,0.00571974096927003,0.01211569830775261,0.028560064733028412,0.4839448482108613,0.8422879904508587,1.3472868204116821,0.014248912791238884,0.0360753074288368,0.13050377368927002,0.010671637604718853,0.01904647815972566,0.04696829989552498,0.1637995475612115,0.20802772045135498,0.24629485607147217,0.054852800123626366,0.06485756486654282,0.07429556548595428,0.006948418860944609,0.01569013893604278,0.025551259517669678
33,test_seen_d8,copy,1,1,cls_query,0.009541420266032219,0.009222906082868576,0.014308896847069263,0.015767229720950127,0.018326764926314354,0.022016486153006554,0.40625,0.0,True,0.007630492421412782,0.014308276772499084,0.021772444248199463,0.008265334685120251,0.016273728385567662,0.02536599151790142,0.7188242038828321,1.1430668771266936,1.3472868204116821,0.012109551324329004,0.024578714370727537,0.04235575720667839,0.012806982570509717,0.02428699135780334,0.04696829989552498,0.1637995475612115,0.20791283398866653,0.24629485607147217,0.054852800123626366,0.06484125144779682,0.07429556548595428,0.010520139941945672,0.01658719778060913,0.02078622579574585
33,validation_seen_d4,xor,0,0,all_rows,0.015862010419368744,0.014726905152201653,0.025553038343787193,0.028939656913280487,0.036587174981832504,0.043301600962877274,0.7958096861839294,0.0,False,0.009007477394416956,0.02051977813243866,0.038515061140060425,0.009913812583011928,0.02121979556977749,0.04572368785738945,0.41968198805856943,0.7107257395982742,1.0284640789031982,0.025083802967194722,0.05465899873524904,0.11513584107160568,0.015862009631580968,0.028939662501215935,0.04330158233642578,0.1169167738116812,0.1668255478143692,0.1992371827363968,0.05132555139425676,0.06659331172704697,0.07652240991592407,0.05193364097398113,0.11841185390949249,0.14603489637374878
33,validation_seen_d4,xor,0,0,cls_query,0.01379044633358717,0.012364700436592102,0.024282295256853104,0.02734300121665001,0.03316737711429596,0.039431843906641006,0.66015625,0.0,False,0.007349071449425537,0.015456609427928925,0.025368452072143555,0.00880398039839747,0.019637792371213436,0.02620222233235836,0.3231663038604893,0.41903096437454224,0.5000755786895752,0.029011293002440652,0.06649734824895859,0.11513584107160568,0.01379044682107633,0.027342984452843666,0.03943184018135071,0.1169167738116812,0.16584278643131256,0.1992371827363968,0.05132555139425676,0.06651476211845875,0.07652240991592407,0.01911186403594911,0.036035314202308655,0.044403910636901855
33,validation_seen_d4,xor,0,1,all_rows,0.007260541897267103,0.006632622331380844,0.011207199655473232,0.013306957669556141,0.016876623034477234,0.022084953263401985,0.14985795319080353,0.0,True,0.004207623376549402,0.00810985267162323,0.017261534929275513,0.004861891982748354,0.010695017874240875,0.02008584514260292,0.46221737803848967,0.9242309331893921,0.9262810945510864,0.011554488800522284,0.02651230851188302,0.05924536660313606,0.007260540354681408,0.013306953012943268,0.022084925323724747,0.1360256572079379,0.15360432863235474,0.17165815830230713,0.05864337758976035,0.0665583461523056,0.06997013837099075,0.009452015944671903,0.02233266830444336,0.030711054801940918
33,validation_seen_d4,xor,0,1,cls_query,0.006901003420352936,0.006858430802822113,0.00842993799597025,0.008813483640551567,0.009742427617311478,0.010590929538011551,0.0078125,0.0,True,0.006560218331287615,0.008611500263214111,0.010341405868530273,0.0066470854872022755,0.009157577063888311,0.010735335759818554,0.9241507409606129,0.9259638041257858,0.9262810945510864,0.007193563628788979,0.009914580499753356,0.011632726527750492,0.006900980519276345,0.008813439635559916,0.010590840131044388,0.1360256572079379,0.15359990298748016,0.17165815830230713,0.05864337758976035,0.06643887050449848,0.06997013837099075,0.0013577830977737904,0.0022737234830856323,0.0028197169303894043
33,validation_seen_d4,xor,1,0,all_rows,0.015532813034951687,0.014444009400904179,0.024094773456454277,0.02761140465736389,0.03700435906648636,0.04867932200431824,0.8068181872367859,0.0,False,0.008512381442084337,0.018416665494441986,0.04773300886154175,0.009002249280745838,0.02011834504082799,0.0583835244178772,0.474337664776778,0.7501892745494843,1.0671764612197876,0.021046941049545156,0.06113733630627394,0.1715073436498642,0.016484112800919156,0.029081294313073158,0.04963996261358261,0.14829509597620927,0.19887878000736237,0.2254234254360199,0.05009325870196335,0.06272543966770172,0.07012791186571121,0.01883670048449527,0.04897044599056244,0.06897598505020142
33,validation_seen_d4,xor,1,0,cls_query,0.013461199589073658,0.012382625602185726,0.02110750414431095,0.02567807212471962,0.02989387884736061,0.03460144251585007,0.69921875,0.0,False,0.007792615440848749,0.015901729464530945,0.024901092052459717,0.0076129033986944705,0.013927985215559602,0.020655732601881027,0.5467841743957251,0.9000339210033417,1.0671764612197876,0.015293894151909626,0.030969967134296894,0.039561036974191666,0.014617849345086142,0.025807807687669992,0.032690711319446564,0.14829509597620927,0.19836242124438286,0.2254234254360199,0.05009325870196335,0.06265512108802795,0.07012791186571121,0.03835322055965662,0.06170190870761871,0.06493455171585083
33,validation_seen_d4,xor,1,1,all_rows,0.006650898139923811,0.006173497065901756,0.010862905532121658,0.012281247414648533,0.016435353085398674,0.023037221282720566,0.14204545319080353,0.0,True,0.0037079157595227034,0.008655108511447906,0.02104872465133667,0.004736237627453606,0.011632848531007767,0.02453024685382843,0.5191141415059313,0.9285910427570343,1.3470091819763184,0.010344921059868284,0.025788552593439817,0.07954107969999313,0.008519900205432019,0.0167935355566442,0.034580208361148834,0.10509442562761251,0.15860022604465485,0.1936827301979065,0.04245852608437417,0.05491336062550545,0.06275464594364166,0.006623012542893941,0.016383305191993713,0.025439560413360596
33,validation_seen_d4,xor,1,1,cls_query,0.00917122419923544,0.008388780057430267,0.013676492497324944,0.015211246907711029,0.01818898320198059,0.02168150618672371,0.32421875,0.0,True,0.0051600186093310185,0.010604292154312134,0.01839268207550049,0.007276928912688163,0.014948125230148435,0.024144262075424194,0.6344750311691314,1.0021587759256363,1.2812891006469727,0.01311859068209742,0.030522380955517292,0.07954107969999313,0.013586881541414186,0.02325437357649207,0.03219067305326462,0.10509442562761251,0.15211419761180878,0.1936827301979065,0.04245852608437417,0.05490157566964626,0.06275464594364166,0.013721824157983065,0.020250141620635986,0.02187246084213257
33,validation_seen_d4,copy,0,0,all_rows,0.016396529972553253,0.015357964672148228,0.02630878984928131,0.03006448596715927,0.03712494671344757,0.04819076880812645,0.8057528138160706,0.0,False,0.009538598635696293,0.021691687405109406,0.04653126001358032,0.010161633433281995,0.021313101053237915,0.047896746546030045,0.4220735075015744,0.7380198240280151,1.102839708328247,0.025367027080102907,0.052796862088143826,0.10542454570531845,0.01639653176764775,0.030064471531659365,0.04819077253341675,0.1174794131948147,0.1597989946603775,0.17666156589984894,0.05185930234438274,0.0647653117775917,0.07139018923044205,0.05241415162824772,0.11887840926647186,0.1455000638961792
33,validation_seen_d4,copy,0,0,cls_query,0.013506037183105946,0.012834994122385979,0.022192254662513733,0.024889538064599037,0.03184576705098152,0.03290184959769249,0.6796875,0.0,False,0.00700961646361975,0.013873577117919922,0.02001836895942688,0.008395398419906996,0.017327679321169853,0.025613190606236458,0.31520179979270324,0.3996950015425682,0.4355912208557129,0.02799011732895451,0.06183882895857096,0.0958150178194046,0.013506037521437975,0.024889545049518347,0.03290185704827309,0.1174794131948147,0.15890709310770035,0.17666156589984894,0.05185930234438274,0.06459164433181286,0.07139018923044205,0.01795968203805387,0.034913524985313416,0.04109913110733032
33,validation_seen_d4,copy,0,1,all_rows,0.006390177179127932,0.0061366623267531395,0.009174247272312641,0.010380590334534645,0.013581098057329655,0.019258683547377586,0.06463067978620529,0.0,True,0.00370599497794253,0.007264748215675354,0.015186011791229248,0.003785649435134143,0.006954073207452893,0.01700386218726635,0.3524916168852625,0.6120556890964508,0.9399486780166626,0.011322623698809119,0.021510641556233168,0.04901883378624916,0.006390176277901363,0.010380587540566921,0.019258661195635796,0.10788034214056097,0.1377660036087036,0.1578734815120697,0.04337530190241523,0.051861461251974106,0.05864458531141281,0.010980213357304985,0.023789063096046448,0.030376195907592773
33,validation_seen_d4,copy,0,1,cls_query,0.0063010617159307,0.006134012248367071,0.009138332679867744,0.010476134717464447,0.011478506028652191,0.013121595606207848,0.07421875,0.0,True,0.0037406277369882446,0.007426127791404724,0.010384857654571533,0.003903122635847467,0.007986580953001976,0.011526093818247318,0.5294261283124797,0.760413646697998,0.8280613422393799,0.007716505532698648,0.0148587585426867,0.022150523960590363,0.0063010615995153785,0.010476124240085483,0.013121568597853184,0.10788034214056097,0.13745326921343803,0.1578734815120697,0.04337530190241523,0.05117364786565304,0.05864458531141281,0.016079342691227794,0.02493053674697876,0.02744084596633911
33,validation_seen_d4,copy,1,0,all_rows,0.017139790579676628,0.015682730823755264,0.028453877195715904,0.032363057136535645,0.04172830283641815,0.05926880985498428,0.8032670617103577,0.0028409091755747795,False,0.010295688149529848,0.021964188665151596,0.05045151710510254,0.011282796954488234,0.02308912668377161,0.0690324455499649,0.40917945857985283,0.6488835513591766,1.090890645980835,0.029508136333375165,0.06591307930648327,0.17387279868125916,0.018011844836027278,0.033111900091171265,0.06305165588855743,0.13335028136498295,0.1837983876466751,0.24660147726535797,0.05130530189489946,0.06392346322536469,0.07782915234565735,0.019071794940497388,0.04696859419345856,0.07130032777786255
33,validation_seen_d4,copy,1,0,cls_query,0.015723422169685364,0.014679749496281147,0.023753752931952477,0.026689300313591957,0.03091849386692047,0.03421135991811752,0.88671875,0.0,False,0.011257861920967116,0.018693983554840088,0.02563190460205078,0.011070715744608606,0.017448605969548225,0.025072935968637466,0.5568949285079725,0.9115164279937744,1.090890645980835,0.022299340373137966,0.045679813250899315,0.06951707601547241,0.01877433425943309,0.032140759751200676,0.049754392355680466,0.13335028136498295,0.1810191497206688,0.24660147726535797,0.05130530189489946,0.06330547109246254,0.07782915234565735,0.03249126602895558,0.0485241562128067,0.05802738666534424
33,validation_seen_d4,copy,1,1,all_rows,0.009515684098005295,0.008983421139419079,0.015709921717643738,0.01841471530497074,0.024056553840637207,0.03729346767067909,0.41086646914482117,0.0,True,0.00596620041477019,0.012809529900550842,0.02143225073814392,0.006650127263665953,0.01478273794054985,0.03147332742810249,0.5531314872311089,0.9949162304401398,1.402092695236206,0.014556781763531035,0.04081062413752079,0.08250059932470322,0.01074189572103602,0.020417232997715473,0.0521019883453846,0.16417467396240681,0.22686365246772766,0.3155188262462616,0.062203957422752865,0.07729344815015793,0.10188956558704376,0.00648280694572763,0.015444815158843994,0.023492634296417236
33,validation_seen_d4,copy,1,1,cls_query,0.007906701415777206,0.007509839721024036,0.01240052841603756,0.014119383879005909,0.01634865254163742,0.018642587587237358,0.2578125,0.0,True,0.006823556964718591,0.013981997966766357,0.018390297889709473,0.007441533792871269,0.01601215684786439,0.02238777093589306,0.8788271511439234,1.2575829923152924,1.402092695236206,0.00827574831464517,0.015498426975682378,0.02420630492269993,0.010044539034424815,0.020803953055292368,0.03310781717300415,0.16417467396240681,0.22530601546168327,0.3155188262462616,0.062203957422752865,0.07709683664143085,0.10188956558704376,0.010140398982912302,0.015488758683204651,0.01886969804763794
